Created by PLY version 3.11 (http://www.dabeaz.com/ply)

Unused terminals:

    COMMENT
    DEFAULT_EXECUTOR
    GRPC_EXECUTOR
    PROCESSPOOL_EXECUTOR
    TCP_EXECUTOR
    THREADPOOL_EXECUTOR

Grammar

Rule 0     S' -> program
Rule 1     program -> statement_list
Rule 2     statement_list -> statement
Rule 3     statement_list -> statement_list statement
Rule 4     statement_list -> empty
Rule 5     statement -> variable_declaration
Rule 6     statement -> chain_declaration
Rule 7     statement -> directive
Rule 8     chain_declaration -> chain
Rule 9     conditional -> meta LPAREN branch_list RPAREN
Rule 10    branch_list -> branch
Rule 11    branch_list -> branch_list SEPARATOR branch
Rule 12    branch -> descriptor POINTER chain
Rule 13    branch -> descriptor PPOINTER chain
Rule 14    chain -> retry
Rule 15    chain -> chain POINTER retry
Rule 16    chain -> chain PPOINTER retry
Rule 17    chain -> chain PARALLEL retry
Rule 18    meta -> task
Rule 19    meta -> meta_task
Rule 20    meta -> grouped
Rule 21    meta -> conditional
Rule 22    meta -> LPAREN chain RPAREN
Rule 23    retry -> meta
Rule 24    retry -> task RETRY INT
Rule 25    task -> IDENTIFIER attribute_list
Rule 26    task -> IDENTIFIER DOUBLE_COLON IDENTIFIER attribute_list
Rule 27    attribute_list -> LBRACKET attribute_list_items RBRACKET
Rule 28    attribute_list -> empty
Rule 29    attribute_list_items -> attribute
Rule 30    attribute_list_items -> attribute_list_items SEPARATOR attribute
Rule 31    attribute -> IDENTIFIER ASSIGN expression
Rule 32    meta_task -> mode LANGLE IDENTIFIER RANGLE attribute_list
Rule 33    meta_task -> mode LANGLE IDENTIFIER DOUBLE_COLON IDENTIFIER RANGLE attribute_list
Rule 34    mode -> MAP
Rule 35    mode -> FILTER
Rule 36    mode -> REDUCE
Rule 37    mode -> FOREACH
Rule 38    mode -> FLATMAP
Rule 39    mode -> FANOUT
Rule 40    grouped -> LCURLY_BRACKET chain RCURLY_BRACKET
Rule 41    grouped -> LCURLY_BRACKET chain RCURLY_BRACKET attribute_list
Rule 42    ternary_expression -> arithmetic_expr QUESTION expression COLON expression
Rule 43    null_coalesce_expression -> expression NULLCOALESCE expression
Rule 44    directive -> VAR_DECL COLON expression
Rule 45    variable_declaration -> VAR_DECL ASSIGN expression
Rule 46    expression -> list
Rule 47    expression -> map
Rule 48    expression -> arithmetic_expr
Rule 49    expression -> null_value
Rule 50    expression -> ternary_expression
Rule 51    expression -> null_coalesce_expression
Rule 52    map -> LCURLY_BRACKET map_entries RCURLY_BRACKET
Rule 53    map_entries -> empty
Rule 54    map_entries -> map_entry
Rule 55    map_entries -> map_entries SEPARATOR map_entry
Rule 56    map_entry -> STRING_LITERAL COLON expression
Rule 57    list -> LBRACKET list_elements RBRACKET
Rule 58    list_elements -> expression
Rule 59    list_elements -> list_elements SEPARATOR expression
Rule 60    list_elements -> empty
Rule 61    empty -> <empty>
Rule 62    null_value -> NULL
Rule 63    variable_reference -> VAR_ACCESS
Rule 64    variable_reference -> VAR_ACCESS DOT IDENTIFIER
Rule 65    variable_reference -> VAR_ACCESS LBRACKET expression RBRACKET
Rule 66    descriptor -> INT
Rule 67    arithmetic_expr -> logical_or_expression
Rule 68    logical_or_expression -> logical_or_expression PARALLEL logical_and_expression
Rule 69    logical_or_expression -> logical_and_expression
Rule 70    logical_and_expression -> logical_and_expression LOGICAL_AND bitwise_or_expression
Rule 71    logical_and_expression -> bitwise_or_expression
Rule 72    bitwise_or_expression -> bitwise_or_expression BITWISE_OR bitwise_xor_expression
Rule 73    bitwise_or_expression -> bitwise_xor_expression
Rule 74    bitwise_xor_expression -> bitwise_xor_expression BITWISE_XOR bitwise_and_expression
Rule 75    bitwise_xor_expression -> bitwise_and_expression
Rule 76    bitwise_and_expression -> bitwise_and_expression BITWISE_AND arith_comparison_expression
Rule 77    bitwise_and_expression -> arith_comparison_expression
Rule 78    arith_comparison_expression -> arith_comparison_expression EQ shift_expression
Rule 79    arith_comparison_expression -> arith_comparison_expression NE shift_expression
Rule 80    arith_comparison_expression -> arith_comparison_expression LANGLE shift_expression
Rule 81    arith_comparison_expression -> arith_comparison_expression RANGLE shift_expression
Rule 82    arith_comparison_expression -> arith_comparison_expression LE shift_expression
Rule 83    arith_comparison_expression -> arith_comparison_expression GE shift_expression
Rule 84    arith_comparison_expression -> shift_expression
Rule 85    shift_expression -> shift_expression LSHL additive_expression
Rule 86    shift_expression -> shift_expression LSHR additive_expression
Rule 87    shift_expression -> shift_expression ASHR additive_expression
Rule 88    shift_expression -> additive_expression
Rule 89    additive_expression -> additive_expression PLUS multiplicative_expression
Rule 90    additive_expression -> additive_expression MINUS multiplicative_expression
Rule 91    additive_expression -> multiplicative_expression
Rule 92    multiplicative_expression -> multiplicative_expression DIV unary_expression
Rule 93    multiplicative_expression -> multiplicative_expression MOD unary_expression
Rule 94    multiplicative_expression -> multiplicative_expression RETRY unary_expression
Rule 95    multiplicative_expression -> unary_expression
Rule 96    unary_expression -> LOGICAL_NOT unary_expression
Rule 97    unary_expression -> BITWISE_NOT unary_expression
Rule 98    unary_expression -> MINUS unary_expression
Rule 99    unary_expression -> primary_expression
Rule 100   primary_expression -> LPAREN expression RPAREN
Rule 101   primary_expression -> arithmetic_factor
Rule 102   arithmetic_factor -> INT
Rule 103   arithmetic_factor -> FLOAT
Rule 104   arithmetic_factor -> BOOLEAN
Rule 105   arithmetic_factor -> STRING_LITERAL
Rule 106   arithmetic_factor -> variable_reference

Terminals, with rules where they appear

ASHR                 : 87
ASSIGN               : 31 45
BITWISE_AND          : 76
BITWISE_NOT          : 97
BITWISE_OR           : 72
BITWISE_XOR          : 74
BOOLEAN              : 104
COLON                : 42 44 56
COMMENT              : 
DEFAULT_EXECUTOR     : 
DIV                  : 92
DOT                  : 64
DOUBLE_COLON         : 26 33
EQ                   : 78
FANOUT               : 39
FILTER               : 35
FLATMAP              : 38
FLOAT                : 103
FOREACH              : 37
GE                   : 83
GRPC_EXECUTOR        : 
IDENTIFIER           : 25 26 26 31 32 33 33 64
INT                  : 24 66 102
LANGLE               : 32 33 80
LBRACKET             : 27 57 65
LCURLY_BRACKET       : 40 41 52
LE                   : 82
LOGICAL_AND          : 70
LOGICAL_NOT          : 96
LPAREN               : 9 22 100
LSHL                 : 85
LSHR                 : 86
MAP                  : 34
MINUS                : 90 98
MOD                  : 93
NE                   : 79
NULL                 : 62
NULLCOALESCE         : 43
PARALLEL             : 17 68
PLUS                 : 89
POINTER              : 12 15
PPOINTER             : 13 16
PROCESSPOOL_EXECUTOR : 
QUESTION             : 42
RANGLE               : 32 33 81
RBRACKET             : 27 57 65
RCURLY_BRACKET       : 40 41 52
REDUCE               : 36
RETRY                : 24 94
RPAREN               : 9 22 100
SEPARATOR            : 11 30 55 59
STRING_LITERAL       : 56 105
TCP_EXECUTOR         : 
THREADPOOL_EXECUTOR  : 
VAR_ACCESS           : 63 64 65
VAR_DECL             : 44 45
error                : 

Nonterminals, with rules where they appear

additive_expression  : 85 86 87 88 89 90
arith_comparison_expression : 76 77 78 79 80 81 82 83
arithmetic_expr      : 42 48
arithmetic_factor    : 101
attribute            : 29 30
attribute_list       : 25 26 32 33 41
attribute_list_items : 27 30
bitwise_and_expression : 74 75 76
bitwise_or_expression : 70 71 72
bitwise_xor_expression : 72 73 74
branch               : 10 11
branch_list          : 9 11
chain                : 8 12 13 15 16 17 22 40 41
chain_declaration    : 6
conditional          : 21
descriptor           : 12 13
directive            : 7
empty                : 4 28 53 60
expression           : 31 42 42 43 43 44 45 56 58 59 65 100
grouped              : 20
list                 : 46
list_elements        : 57 59
logical_and_expression : 68 69 70
logical_or_expression : 67 68
map                  : 47
map_entries          : 52 55
map_entry            : 54 55
meta                 : 9 23
meta_task            : 19
mode                 : 32 33
multiplicative_expression : 89 90 91 92 93 94
null_coalesce_expression : 51
null_value           : 49
primary_expression   : 99
program              : 0
retry                : 14 15 16 17
shift_expression     : 78 79 80 81 82 83 84 85 86 87
statement            : 2 3
statement_list       : 1 3
task                 : 18 24
ternary_expression   : 50
unary_expression     : 92 93 94 95 96 97 98
variable_declaration : 5
variable_reference   : 106

Parsing method: LALR

state 0

    (0) S' -> . program
    (1) program -> . statement_list
    (2) statement_list -> . statement
    (3) statement_list -> . statement_list statement
    (4) statement_list -> . empty
    (5) statement -> . variable_declaration
    (6) statement -> . chain_declaration
    (7) statement -> . directive
    (61) empty -> .
    (45) variable_declaration -> . VAR_DECL ASSIGN expression
    (8) chain_declaration -> . chain
    (44) directive -> . VAR_DECL COLON expression
    (14) chain -> . retry
    (15) chain -> . chain POINTER retry
    (16) chain -> . chain PPOINTER retry
    (17) chain -> . chain PARALLEL retry
    (23) retry -> . meta
    (24) retry -> . task RETRY INT
    (18) meta -> . task
    (19) meta -> . meta_task
    (20) meta -> . grouped
    (21) meta -> . conditional
    (22) meta -> . LPAREN chain RPAREN
    (25) task -> . IDENTIFIER attribute_list
    (26) task -> . IDENTIFIER DOUBLE_COLON IDENTIFIER attribute_list
    (32) meta_task -> . mode LANGLE IDENTIFIER RANGLE attribute_list
    (33) meta_task -> . mode LANGLE IDENTIFIER DOUBLE_COLON IDENTIFIER RANGLE attribute_list
    (40) grouped -> . LCURLY_BRACKET chain RCURLY_BRACKET
    (41) grouped -> . LCURLY_BRACKET chain RCURLY_BRACKET attribute_list
    (9) conditional -> . meta LPAREN branch_list RPAREN
    (34) mode -> . MAP
    (35) mode -> . FILTER
    (36) mode -> . REDUCE
    (37) mode -> . FOREACH
    (38) mode -> . FLATMAP
    (39) mode -> . FANOUT

  ! shift/reduce conflict for VAR_DECL resolved as shift
  ! shift/reduce conflict for LPAREN resolved as shift
  ! shift/reduce conflict for IDENTIFIER resolved as shift
  ! shift/reduce conflict for LCURLY_BRACKET resolved as shift
  ! shift/reduce conflict for MAP resolved as shift
  ! shift/reduce conflict for FILTER resolved as shift
  ! shift/reduce conflict for REDUCE resolved as shift
  ! shift/reduce conflict for FOREACH resolved as shift
  ! shift/reduce conflict for FLATMAP resolved as shift
  ! shift/reduce conflict for FANOUT resolved as shift
    $end            reduce using rule 61 (empty -> .)
    VAR_DECL        shift and go to state 8
    LPAREN          shift and go to state 16
    IDENTIFIER      shift and go to state 17
    LCURLY_BRACKET  shift and go to state 19
    MAP             shift and go to state 20
    FILTER          shift and go to state 21
    REDUCE          shift and go to state 22
    FOREACH         shift and go to state 23
    FLATMAP         shift and go to state 24
    FANOUT          shift and go to state 25

  ! VAR_DECL        [ reduce using rule 61 (empty -> .) ]
  ! LPAREN          [ reduce using rule 61 (empty -> .) ]
  ! IDENTIFIER      [ reduce using rule 61 (empty -> .) ]
  ! LCURLY_BRACKET  [ reduce using rule 61 (empty -> .) ]
  ! MAP             [ reduce using rule 61 (empty -> .) ]
  ! FILTER          [ reduce using rule 61 (empty -> .) ]
  ! REDUCE          [ reduce using rule 61 (empty -> .) ]
  ! FOREACH         [ reduce using rule 61 (empty -> .) ]
  ! FLATMAP         [ reduce using rule 61 (empty -> .) ]
  ! FANOUT          [ reduce using rule 61 (empty -> .) ]

    program                        shift and go to state 1
    statement_list                 shift and go to state 2
    statement                      shift and go to state 3
    empty                          shift and go to state 4
    variable_declaration           shift and go to state 5
    chain_declaration              shift and go to state 6
    directive                      shift and go to state 7
    chain                          shift and go to state 9
    retry                          shift and go to state 10
    meta                           shift and go to state 11
    task                           shift and go to state 12
    meta_task                      shift and go to state 13
    grouped                        shift and go to state 14
    conditional                    shift and go to state 15
    mode                           shift and go to state 18

state 1

    (0) S' -> program .



state 2

    (1) program -> statement_list .
    (3) statement_list -> statement_list . statement
    (5) statement -> . variable_declaration
    (6) statement -> . chain_declaration
    (7) statement -> . directive
    (45) variable_declaration -> . VAR_DECL ASSIGN expression
    (8) chain_declaration -> . chain
    (44) directive -> . VAR_DECL COLON expression
    (14) chain -> . retry
    (15) chain -> . chain POINTER retry
    (16) chain -> . chain PPOINTER retry
    (17) chain -> . chain PARALLEL retry
    (23) retry -> . meta
    (24) retry -> . task RETRY INT
    (18) meta -> . task
    (19) meta -> . meta_task
    (20) meta -> . grouped
    (21) meta -> . conditional
    (22) meta -> . LPAREN chain RPAREN
    (25) task -> . IDENTIFIER attribute_list
    (26) task -> . IDENTIFIER DOUBLE_COLON IDENTIFIER attribute_list
    (32) meta_task -> . mode LANGLE IDENTIFIER RANGLE attribute_list
    (33) meta_task -> . mode LANGLE IDENTIFIER DOUBLE_COLON IDENTIFIER RANGLE attribute_list
    (40) grouped -> . LCURLY_BRACKET chain RCURLY_BRACKET
    (41) grouped -> . LCURLY_BRACKET chain RCURLY_BRACKET attribute_list
    (9) conditional -> . meta LPAREN branch_list RPAREN
    (34) mode -> . MAP
    (35) mode -> . FILTER
    (36) mode -> . REDUCE
    (37) mode -> . FOREACH
    (38) mode -> . FLATMAP
    (39) mode -> . FANOUT

    $end            reduce using rule 1 (program -> statement_list .)
    VAR_DECL        shift and go to state 8
    LPAREN          shift and go to state 16
    IDENTIFIER      shift and go to state 17
    LCURLY_BRACKET  shift and go to state 19
    MAP             shift and go to state 20
    FILTER          shift and go to state 21
    REDUCE          shift and go to state 22
    FOREACH         shift and go to state 23
    FLATMAP         shift and go to state 24
    FANOUT          shift and go to state 25

    statement                      shift and go to state 26
    variable_declaration           shift and go to state 5
    chain_declaration              shift and go to state 6
    directive                      shift and go to state 7
    chain                          shift and go to state 9
    retry                          shift and go to state 10
    meta                           shift and go to state 11
    task                           shift and go to state 12
    meta_task                      shift and go to state 13
    grouped                        shift and go to state 14
    conditional                    shift and go to state 15
    mode                           shift and go to state 18

state 3

    (2) statement_list -> statement .

    VAR_DECL        reduce using rule 2 (statement_list -> statement .)
    LPAREN          reduce using rule 2 (statement_list -> statement .)
    IDENTIFIER      reduce using rule 2 (statement_list -> statement .)
    LCURLY_BRACKET  reduce using rule 2 (statement_list -> statement .)
    MAP             reduce using rule 2 (statement_list -> statement .)
    FILTER          reduce using rule 2 (statement_list -> statement .)
    REDUCE          reduce using rule 2 (statement_list -> statement .)
    FOREACH         reduce using rule 2 (statement_list -> statement .)
    FLATMAP         reduce using rule 2 (statement_list -> statement .)
    FANOUT          reduce using rule 2 (statement_list -> statement .)
    $end            reduce using rule 2 (statement_list -> statement .)


state 4

    (4) statement_list -> empty .

    VAR_DECL        reduce using rule 4 (statement_list -> empty .)
    LPAREN          reduce using rule 4 (statement_list -> empty .)
    IDENTIFIER      reduce using rule 4 (statement_list -> empty .)
    LCURLY_BRACKET  reduce using rule 4 (statement_list -> empty .)
    MAP             reduce using rule 4 (statement_list -> empty .)
    FILTER          reduce using rule 4 (statement_list -> empty .)
    REDUCE          reduce using rule 4 (statement_list -> empty .)
    FOREACH         reduce using rule 4 (statement_list -> empty .)
    FLATMAP         reduce using rule 4 (statement_list -> empty .)
    FANOUT          reduce using rule 4 (statement_list -> empty .)
    $end            reduce using rule 4 (statement_list -> empty .)


state 5

    (5) statement -> variable_declaration .

    VAR_DECL        reduce using rule 5 (statement -> variable_declaration .)
    LPAREN          reduce using rule 5 (statement -> variable_declaration .)
    IDENTIFIER      reduce using rule 5 (statement -> variable_declaration .)
    LCURLY_BRACKET  reduce using rule 5 (statement -> variable_declaration .)
    MAP             reduce using rule 5 (statement -> variable_declaration .)
    FILTER          reduce using rule 5 (statement -> variable_declaration .)
    REDUCE          reduce using rule 5 (statement -> variable_declaration .)
    FOREACH         reduce using rule 5 (statement -> variable_declaration .)
    FLATMAP         reduce using rule 5 (statement -> variable_declaration .)
    FANOUT          reduce using rule 5 (statement -> variable_declaration .)
    $end            reduce using rule 5 (statement -> variable_declaration .)


state 6

    (6) statement -> chain_declaration .

    VAR_DECL        reduce using rule 6 (statement -> chain_declaration .)
    LPAREN          reduce using rule 6 (statement -> chain_declaration .)
    IDENTIFIER      reduce using rule 6 (statement -> chain_declaration .)
    LCURLY_BRACKET  reduce using rule 6 (statement -> chain_declaration .)
    MAP             reduce using rule 6 (statement -> chain_declaration .)
    FILTER          reduce using rule 6 (statement -> chain_declaration .)
    REDUCE          reduce using rule 6 (statement -> chain_declaration .)
    FOREACH         reduce using rule 6 (statement -> chain_declaration .)
    FLATMAP         reduce using rule 6 (statement -> chain_declaration .)
    FANOUT          reduce using rule 6 (statement -> chain_declaration .)
    $end            reduce using rule 6 (statement -> chain_declaration .)


state 7

    (7) statement -> directive .

    VAR_DECL        reduce using rule 7 (statement -> directive .)
    LPAREN          reduce using rule 7 (statement -> directive .)
    IDENTIFIER      reduce using rule 7 (statement -> directive .)
    LCURLY_BRACKET  reduce using rule 7 (statement -> directive .)
    MAP             reduce using rule 7 (statement -> directive .)
    FILTER          reduce using rule 7 (statement -> directive .)
    REDUCE          reduce using rule 7 (statement -> directive .)
    FOREACH         reduce using rule 7 (statement -> directive .)
    FLATMAP         reduce using rule 7 (statement -> directive .)
    FANOUT          reduce using rule 7 (statement -> directive .)
    $end            reduce using rule 7 (statement -> directive .)


state 8

    (45) variable_declaration -> VAR_DECL . ASSIGN expression
    (44) directive -> VAR_DECL . COLON expression

    ASSIGN          shift and go to state 27
    COLON           shift and go to state 28


state 9

    (8) chain_declaration -> chain .
    (15) chain -> chain . POINTER retry
    (16) chain -> chain . PPOINTER retry
    (17) chain -> chain . PARALLEL retry

    VAR_DECL        reduce using rule 8 (chain_declaration -> chain .)
    LPAREN          reduce using rule 8 (chain_declaration -> chain .)
    IDENTIFIER      reduce using rule 8 (chain_declaration -> chain .)
    LCURLY_BRACKET  reduce using rule 8 (chain_declaration -> chain .)
    MAP             reduce using rule 8 (chain_declaration -> chain .)
    FILTER          reduce using rule 8 (chain_declaration -> chain .)
    REDUCE          reduce using rule 8 (chain_declaration -> chain .)
    FOREACH         reduce using rule 8 (chain_declaration -> chain .)
    FLATMAP         reduce using rule 8 (chain_declaration -> chain .)
    FANOUT          reduce using rule 8 (chain_declaration -> chain .)
    $end            reduce using rule 8 (chain_declaration -> chain .)
    POINTER         shift and go to state 29
    PPOINTER        shift and go to state 30
    PARALLEL        shift and go to state 31


state 10

    (14) chain -> retry .

    POINTER         reduce using rule 14 (chain -> retry .)
    PPOINTER        reduce using rule 14 (chain -> retry .)
    PARALLEL        reduce using rule 14 (chain -> retry .)
    VAR_DECL        reduce using rule 14 (chain -> retry .)
    LPAREN          reduce using rule 14 (chain -> retry .)
    IDENTIFIER      reduce using rule 14 (chain -> retry .)
    LCURLY_BRACKET  reduce using rule 14 (chain -> retry .)
    MAP             reduce using rule 14 (chain -> retry .)
    FILTER          reduce using rule 14 (chain -> retry .)
    REDUCE          reduce using rule 14 (chain -> retry .)
    FOREACH         reduce using rule 14 (chain -> retry .)
    FLATMAP         reduce using rule 14 (chain -> retry .)
    FANOUT          reduce using rule 14 (chain -> retry .)
    $end            reduce using rule 14 (chain -> retry .)
    RPAREN          reduce using rule 14 (chain -> retry .)
    RCURLY_BRACKET  reduce using rule 14 (chain -> retry .)
    SEPARATOR       reduce using rule 14 (chain -> retry .)


state 11

    (23) retry -> meta .
    (9) conditional -> meta . LPAREN branch_list RPAREN

  ! shift/reduce conflict for LPAREN resolved as shift
    POINTER         reduce using rule 23 (retry -> meta .)
    PPOINTER        reduce using rule 23 (retry -> meta .)
    PARALLEL        reduce using rule 23 (retry -> meta .)
    VAR_DECL        reduce using rule 23 (retry -> meta .)
    IDENTIFIER      reduce using rule 23 (retry -> meta .)
    LCURLY_BRACKET  reduce using rule 23 (retry -> meta .)
    MAP             reduce using rule 23 (retry -> meta .)
    FILTER          reduce using rule 23 (retry -> meta .)
    REDUCE          reduce using rule 23 (retry -> meta .)
    FOREACH         reduce using rule 23 (retry -> meta .)
    FLATMAP         reduce using rule 23 (retry -> meta .)
    FANOUT          reduce using rule 23 (retry -> meta .)
    $end            reduce using rule 23 (retry -> meta .)
    RPAREN          reduce using rule 23 (retry -> meta .)
    RCURLY_BRACKET  reduce using rule 23 (retry -> meta .)
    SEPARATOR       reduce using rule 23 (retry -> meta .)
    LPAREN          shift and go to state 32

  ! LPAREN          [ reduce using rule 23 (retry -> meta .) ]


state 12

    (24) retry -> task . RETRY INT
    (18) meta -> task .

    RETRY           shift and go to state 33
    LPAREN          reduce using rule 18 (meta -> task .)
    POINTER         reduce using rule 18 (meta -> task .)
    PPOINTER        reduce using rule 18 (meta -> task .)
    PARALLEL        reduce using rule 18 (meta -> task .)
    VAR_DECL        reduce using rule 18 (meta -> task .)
    IDENTIFIER      reduce using rule 18 (meta -> task .)
    LCURLY_BRACKET  reduce using rule 18 (meta -> task .)
    MAP             reduce using rule 18 (meta -> task .)
    FILTER          reduce using rule 18 (meta -> task .)
    REDUCE          reduce using rule 18 (meta -> task .)
    FOREACH         reduce using rule 18 (meta -> task .)
    FLATMAP         reduce using rule 18 (meta -> task .)
    FANOUT          reduce using rule 18 (meta -> task .)
    $end            reduce using rule 18 (meta -> task .)
    RPAREN          reduce using rule 18 (meta -> task .)
    RCURLY_BRACKET  reduce using rule 18 (meta -> task .)
    SEPARATOR       reduce using rule 18 (meta -> task .)


state 13

    (19) meta -> meta_task .

    LPAREN          reduce using rule 19 (meta -> meta_task .)
    POINTER         reduce using rule 19 (meta -> meta_task .)
    PPOINTER        reduce using rule 19 (meta -> meta_task .)
    PARALLEL        reduce using rule 19 (meta -> meta_task .)
    VAR_DECL        reduce using rule 19 (meta -> meta_task .)
    IDENTIFIER      reduce using rule 19 (meta -> meta_task .)
    LCURLY_BRACKET  reduce using rule 19 (meta -> meta_task .)
    MAP             reduce using rule 19 (meta -> meta_task .)
    FILTER          reduce using rule 19 (meta -> meta_task .)
    REDUCE          reduce using rule 19 (meta -> meta_task .)
    FOREACH         reduce using rule 19 (meta -> meta_task .)
    FLATMAP         reduce using rule 19 (meta -> meta_task .)
    FANOUT          reduce using rule 19 (meta -> meta_task .)
    $end            reduce using rule 19 (meta -> meta_task .)
    RPAREN          reduce using rule 19 (meta -> meta_task .)
    RCURLY_BRACKET  reduce using rule 19 (meta -> meta_task .)
    SEPARATOR       reduce using rule 19 (meta -> meta_task .)


state 14

    (20) meta -> grouped .

    LPAREN          reduce using rule 20 (meta -> grouped .)
    POINTER         reduce using rule 20 (meta -> grouped .)
    PPOINTER        reduce using rule 20 (meta -> grouped .)
    PARALLEL        reduce using rule 20 (meta -> grouped .)
    VAR_DECL        reduce using rule 20 (meta -> grouped .)
    IDENTIFIER      reduce using rule 20 (meta -> grouped .)
    LCURLY_BRACKET  reduce using rule 20 (meta -> grouped .)
    MAP             reduce using rule 20 (meta -> grouped .)
    FILTER          reduce using rule 20 (meta -> grouped .)
    REDUCE          reduce using rule 20 (meta -> grouped .)
    FOREACH         reduce using rule 20 (meta -> grouped .)
    FLATMAP         reduce using rule 20 (meta -> grouped .)
    FANOUT          reduce using rule 20 (meta -> grouped .)
    $end            reduce using rule 20 (meta -> grouped .)
    RPAREN          reduce using rule 20 (meta -> grouped .)
    RCURLY_BRACKET  reduce using rule 20 (meta -> grouped .)
    SEPARATOR       reduce using rule 20 (meta -> grouped .)


state 15

    (21) meta -> conditional .

    LPAREN          reduce using rule 21 (meta -> conditional .)
    POINTER         reduce using rule 21 (meta -> conditional .)
    PPOINTER        reduce using rule 21 (meta -> conditional .)
    PARALLEL        reduce using rule 21 (meta -> conditional .)
    VAR_DECL        reduce using rule 21 (meta -> conditional .)
    IDENTIFIER      reduce using rule 21 (meta -> conditional .)
    LCURLY_BRACKET  reduce using rule 21 (meta -> conditional .)
    MAP             reduce using rule 21 (meta -> conditional .)
    FILTER          reduce using rule 21 (meta -> conditional .)
    REDUCE          reduce using rule 21 (meta -> conditional .)
    FOREACH         reduce using rule 21 (meta -> conditional .)
    FLATMAP         reduce using rule 21 (meta -> conditional .)
    FANOUT          reduce using rule 21 (meta -> conditional .)
    $end            reduce using rule 21 (meta -> conditional .)
    RPAREN          reduce using rule 21 (meta -> conditional .)
    RCURLY_BRACKET  reduce using rule 21 (meta -> conditional .)
    SEPARATOR       reduce using rule 21 (meta -> conditional .)


state 16

    (22) meta -> LPAREN . chain RPAREN
    (14) chain -> . retry
    (15) chain -> . chain POINTER retry
    (16) chain -> . chain PPOINTER retry
    (17) chain -> . chain PARALLEL retry
    (23) retry -> . meta
    (24) retry -> . task RETRY INT
    (18) meta -> . task
    (19) meta -> . meta_task
    (20) meta -> . grouped
    (21) meta -> . conditional
    (22) meta -> . LPAREN chain RPAREN
    (25) task -> . IDENTIFIER attribute_list
    (26) task -> . IDENTIFIER DOUBLE_COLON IDENTIFIER attribute_list
    (32) meta_task -> . mode LANGLE IDENTIFIER RANGLE attribute_list
    (33) meta_task -> . mode LANGLE IDENTIFIER DOUBLE_COLON IDENTIFIER RANGLE attribute_list
    (40) grouped -> . LCURLY_BRACKET chain RCURLY_BRACKET
    (41) grouped -> . LCURLY_BRACKET chain RCURLY_BRACKET attribute_list
    (9) conditional -> . meta LPAREN branch_list RPAREN
    (34) mode -> . MAP
    (35) mode -> . FILTER
    (36) mode -> . REDUCE
    (37) mode -> . FOREACH
    (38) mode -> . FLATMAP
    (39) mode -> . FANOUT

    LPAREN          shift and go to state 16
    IDENTIFIER      shift and go to state 17
    LCURLY_BRACKET  shift and go to state 19
    MAP             shift and go to state 20
    FILTER          shift and go to state 21
    REDUCE          shift and go to state 22
    FOREACH         shift and go to state 23
    FLATMAP         shift and go to state 24
    FANOUT          shift and go to state 25

    chain                          shift and go to state 34
    retry                          shift and go to state 10
    meta                           shift and go to state 11
    task                           shift and go to state 12
    meta_task                      shift and go to state 13
    grouped                        shift and go to state 14
    conditional                    shift and go to state 15
    mode                           shift and go to state 18

state 17

    (25) task -> IDENTIFIER . attribute_list
    (26) task -> IDENTIFIER . DOUBLE_COLON IDENTIFIER attribute_list
    (27) attribute_list -> . LBRACKET attribute_list_items RBRACKET
    (28) attribute_list -> . empty
    (61) empty -> .

    DOUBLE_COLON    shift and go to state 36
    LBRACKET        shift and go to state 37
    RETRY           reduce using rule 61 (empty -> .)
    LPAREN          reduce using rule 61 (empty -> .)
    POINTER         reduce using rule 61 (empty -> .)
    PPOINTER        reduce using rule 61 (empty -> .)
    PARALLEL        reduce using rule 61 (empty -> .)
    VAR_DECL        reduce using rule 61 (empty -> .)
    IDENTIFIER      reduce using rule 61 (empty -> .)
    LCURLY_BRACKET  reduce using rule 61 (empty -> .)
    MAP             reduce using rule 61 (empty -> .)
    FILTER          reduce using rule 61 (empty -> .)
    REDUCE          reduce using rule 61 (empty -> .)
    FOREACH         reduce using rule 61 (empty -> .)
    FLATMAP         reduce using rule 61 (empty -> .)
    FANOUT          reduce using rule 61 (empty -> .)
    $end            reduce using rule 61 (empty -> .)
    RPAREN          reduce using rule 61 (empty -> .)
    RCURLY_BRACKET  reduce using rule 61 (empty -> .)
    SEPARATOR       reduce using rule 61 (empty -> .)

    attribute_list                 shift and go to state 35
    empty                          shift and go to state 38

state 18

    (32) meta_task -> mode . LANGLE IDENTIFIER RANGLE attribute_list
    (33) meta_task -> mode . LANGLE IDENTIFIER DOUBLE_COLON IDENTIFIER RANGLE attribute_list

    LANGLE          shift and go to state 39


state 19

    (40) grouped -> LCURLY_BRACKET . chain RCURLY_BRACKET
    (41) grouped -> LCURLY_BRACKET . chain RCURLY_BRACKET attribute_list
    (14) chain -> . retry
    (15) chain -> . chain POINTER retry
    (16) chain -> . chain PPOINTER retry
    (17) chain -> . chain PARALLEL retry
    (23) retry -> . meta
    (24) retry -> . task RETRY INT
    (18) meta -> . task
    (19) meta -> . meta_task
    (20) meta -> . grouped
    (21) meta -> . conditional
    (22) meta -> . LPAREN chain RPAREN
    (25) task -> . IDENTIFIER attribute_list
    (26) task -> . IDENTIFIER DOUBLE_COLON IDENTIFIER attribute_list
    (32) meta_task -> . mode LANGLE IDENTIFIER RANGLE attribute_list
    (33) meta_task -> . mode LANGLE IDENTIFIER DOUBLE_COLON IDENTIFIER RANGLE attribute_list
    (40) grouped -> . LCURLY_BRACKET chain RCURLY_BRACKET
    (41) grouped -> . LCURLY_BRACKET chain RCURLY_BRACKET attribute_list
    (9) conditional -> . meta LPAREN branch_list RPAREN
    (34) mode -> . MAP
    (35) mode -> . FILTER
    (36) mode -> . REDUCE
    (37) mode -> . FOREACH
    (38) mode -> . FLATMAP
    (39) mode -> . FANOUT

    LPAREN          shift and go to state 16
    IDENTIFIER      shift and go to state 17
    LCURLY_BRACKET  shift and go to state 19
    MAP             shift and go to state 20
    FILTER          shift and go to state 21
    REDUCE          shift and go to state 22
    FOREACH         shift and go to state 23
    FLATMAP         shift and go to state 24
    FANOUT          shift and go to state 25

    chain                          shift and go to state 40
    retry                          shift and go to state 10
    meta                           shift and go to state 11
    task                           shift and go to state 12
    meta_task                      shift and go to state 13
    grouped                        shift and go to state 14
    conditional                    shift and go to state 15
    mode                           shift and go to state 18

state 20

    (34) mode -> MAP .

    LANGLE          reduce using rule 34 (mode -> MAP .)


state 21

    (35) mode -> FILTER .

    LANGLE          reduce using rule 35 (mode -> FILTER .)


state 22

    (36) mode -> REDUCE .

    LANGLE          reduce using rule 36 (mode -> REDUCE .)


state 23

    (37) mode -> FOREACH .

    LANGLE          reduce using rule 37 (mode -> FOREACH .)


state 24

    (38) mode -> FLATMAP .

    LANGLE          reduce using rule 38 (mode -> FLATMAP .)


state 25

    (39) mode -> FANOUT .

    LANGLE          reduce using rule 39 (mode -> FANOUT .)


state 26

    (3) statement_list -> statement_list statement .

    VAR_DECL        reduce using rule 3 (statement_list -> statement_list statement .)
    LPAREN          reduce using rule 3 (statement_list -> statement_list statement .)
    IDENTIFIER      reduce using rule 3 (statement_list -> statement_list statement .)
    LCURLY_BRACKET  reduce using rule 3 (statement_list -> statement_list statement .)
    MAP             reduce using rule 3 (statement_list -> statement_list statement .)
    FILTER          reduce using rule 3 (statement_list -> statement_list statement .)
    REDUCE          reduce using rule 3 (statement_list -> statement_list statement .)
    FOREACH         reduce using rule 3 (statement_list -> statement_list statement .)
    FLATMAP         reduce using rule 3 (statement_list -> statement_list statement .)
    FANOUT          reduce using rule 3 (statement_list -> statement_list statement .)
    $end            reduce using rule 3 (statement_list -> statement_list statement .)


state 27

    (45) variable_declaration -> VAR_DECL ASSIGN . expression
    (46) expression -> . list
    (47) expression -> . map
    (48) expression -> . arithmetic_expr
    (49) expression -> . null_value
    (50) expression -> . ternary_expression
    (51) expression -> . null_coalesce_expression
    (57) list -> . LBRACKET list_elements RBRACKET
    (52) map -> . LCURLY_BRACKET map_entries RCURLY_BRACKET
    (67) arithmetic_expr -> . logical_or_expression
    (62) null_value -> . NULL
    (42) ternary_expression -> . arithmetic_expr QUESTION expression COLON expression
    (43) null_coalesce_expression -> . expression NULLCOALESCE expression
    (68) logical_or_expression -> . logical_or_expression PARALLEL logical_and_expression
    (69) logical_or_expression -> . logical_and_expression
    (70) logical_and_expression -> . logical_and_expression LOGICAL_AND bitwise_or_expression
    (71) logical_and_expression -> . bitwise_or_expression
    (72) bitwise_or_expression -> . bitwise_or_expression BITWISE_OR bitwise_xor_expression
    (73) bitwise_or_expression -> . bitwise_xor_expression
    (74) bitwise_xor_expression -> . bitwise_xor_expression BITWISE_XOR bitwise_and_expression
    (75) bitwise_xor_expression -> . bitwise_and_expression
    (76) bitwise_and_expression -> . bitwise_and_expression BITWISE_AND arith_comparison_expression
    (77) bitwise_and_expression -> . arith_comparison_expression
    (78) arith_comparison_expression -> . arith_comparison_expression EQ shift_expression
    (79) arith_comparison_expression -> . arith_comparison_expression NE shift_expression
    (80) arith_comparison_expression -> . arith_comparison_expression LANGLE shift_expression
    (81) arith_comparison_expression -> . arith_comparison_expression RANGLE shift_expression
    (82) arith_comparison_expression -> . arith_comparison_expression LE shift_expression
    (83) arith_comparison_expression -> . arith_comparison_expression GE shift_expression
    (84) arith_comparison_expression -> . shift_expression
    (85) shift_expression -> . shift_expression LSHL additive_expression
    (86) shift_expression -> . shift_expression LSHR additive_expression
    (87) shift_expression -> . shift_expression ASHR additive_expression
    (88) shift_expression -> . additive_expression
    (89) additive_expression -> . additive_expression PLUS multiplicative_expression
    (90) additive_expression -> . additive_expression MINUS multiplicative_expression
    (91) additive_expression -> . multiplicative_expression
    (92) multiplicative_expression -> . multiplicative_expression DIV unary_expression
    (93) multiplicative_expression -> . multiplicative_expression MOD unary_expression
    (94) multiplicative_expression -> . multiplicative_expression RETRY unary_expression
    (95) multiplicative_expression -> . unary_expression
    (96) unary_expression -> . LOGICAL_NOT unary_expression
    (97) unary_expression -> . BITWISE_NOT unary_expression
    (98) unary_expression -> . MINUS unary_expression
    (99) unary_expression -> . primary_expression
    (100) primary_expression -> . LPAREN expression RPAREN
    (101) primary_expression -> . arithmetic_factor
    (102) arithmetic_factor -> . INT
    (103) arithmetic_factor -> . FLOAT
    (104) arithmetic_factor -> . BOOLEAN
    (105) arithmetic_factor -> . STRING_LITERAL
    (106) arithmetic_factor -> . variable_reference
    (63) variable_reference -> . VAR_ACCESS
    (64) variable_reference -> . VAR_ACCESS DOT IDENTIFIER
    (65) variable_reference -> . VAR_ACCESS LBRACKET expression RBRACKET

    LBRACKET        shift and go to state 48
    LCURLY_BRACKET  shift and go to state 49
    NULL            shift and go to state 51
    LOGICAL_NOT     shift and go to state 62
    BITWISE_NOT     shift and go to state 63
    MINUS           shift and go to state 60
    LPAREN          shift and go to state 65
    INT             shift and go to state 67
    FLOAT           shift and go to state 68
    BOOLEAN         shift and go to state 69
    STRING_LITERAL  shift and go to state 70
    VAR_ACCESS      shift and go to state 72

    expression                     shift and go to state 41
    list                           shift and go to state 42
    map                            shift and go to state 43
    arithmetic_expr                shift and go to state 44
    null_value                     shift and go to state 45
    ternary_expression             shift and go to state 46
    null_coalesce_expression       shift and go to state 47
    logical_or_expression          shift and go to state 50
    logical_and_expression         shift and go to state 52
    bitwise_or_expression          shift and go to state 53
    bitwise_xor_expression         shift and go to state 54
    bitwise_and_expression         shift and go to state 55
    arith_comparison_expression    shift and go to state 56
    shift_expression               shift and go to state 57
    additive_expression            shift and go to state 58
    multiplicative_expression      shift and go to state 59
    unary_expression               shift and go to state 61
    primary_expression             shift and go to state 64
    arithmetic_factor              shift and go to state 66
    variable_reference             shift and go to state 71

state 28

    (44) directive -> VAR_DECL COLON . expression
    (46) expression -> . list
    (47) expression -> . map
    (48) expression -> . arithmetic_expr
    (49) expression -> . null_value
    (50) expression -> . ternary_expression
    (51) expression -> . null_coalesce_expression
    (57) list -> . LBRACKET list_elements RBRACKET
    (52) map -> . LCURLY_BRACKET map_entries RCURLY_BRACKET
    (67) arithmetic_expr -> . logical_or_expression
    (62) null_value -> . NULL
    (42) ternary_expression -> . arithmetic_expr QUESTION expression COLON expression
    (43) null_coalesce_expression -> . expression NULLCOALESCE expression
    (68) logical_or_expression -> . logical_or_expression PARALLEL logical_and_expression
    (69) logical_or_expression -> . logical_and_expression
    (70) logical_and_expression -> . logical_and_expression LOGICAL_AND bitwise_or_expression
    (71) logical_and_expression -> . bitwise_or_expression
    (72) bitwise_or_expression -> . bitwise_or_expression BITWISE_OR bitwise_xor_expression
    (73) bitwise_or_expression -> . bitwise_xor_expression
    (74) bitwise_xor_expression -> . bitwise_xor_expression BITWISE_XOR bitwise_and_expression
    (75) bitwise_xor_expression -> . bitwise_and_expression
    (76) bitwise_and_expression -> . bitwise_and_expression BITWISE_AND arith_comparison_expression
    (77) bitwise_and_expression -> . arith_comparison_expression
    (78) arith_comparison_expression -> . arith_comparison_expression EQ shift_expression
    (79) arith_comparison_expression -> . arith_comparison_expression NE shift_expression
    (80) arith_comparison_expression -> . arith_comparison_expression LANGLE shift_expression
    (81) arith_comparison_expression -> . arith_comparison_expression RANGLE shift_expression
    (82) arith_comparison_expression -> . arith_comparison_expression LE shift_expression
    (83) arith_comparison_expression -> . arith_comparison_expression GE shift_expression
    (84) arith_comparison_expression -> . shift_expression
    (85) shift_expression -> . shift_expression LSHL additive_expression
    (86) shift_expression -> . shift_expression LSHR additive_expression
    (87) shift_expression -> . shift_expression ASHR additive_expression
    (88) shift_expression -> . additive_expression
    (89) additive_expression -> . additive_expression PLUS multiplicative_expression
    (90) additive_expression -> . additive_expression MINUS multiplicative_expression
    (91) additive_expression -> . multiplicative_expression
    (92) multiplicative_expression -> . multiplicative_expression DIV unary_expression
    (93) multiplicative_expression -> . multiplicative_expression MOD unary_expression
    (94) multiplicative_expression -> . multiplicative_expression RETRY unary_expression
    (95) multiplicative_expression -> . unary_expression
    (96) unary_expression -> . LOGICAL_NOT unary_expression
    (97) unary_expression -> . BITWISE_NOT unary_expression
    (98) unary_expression -> . MINUS unary_expression
    (99) unary_expression -> . primary_expression
    (100) primary_expression -> . LPAREN expression RPAREN
    (101) primary_expression -> . arithmetic_factor
    (102) arithmetic_factor -> . INT
    (103) arithmetic_factor -> . FLOAT
    (104) arithmetic_factor -> . BOOLEAN
    (105) arithmetic_factor -> . STRING_LITERAL
    (106) arithmetic_factor -> . variable_reference
    (63) variable_reference -> . VAR_ACCESS
    (64) variable_reference -> . VAR_ACCESS DOT IDENTIFIER
    (65) variable_reference -> . VAR_ACCESS LBRACKET expression RBRACKET

    LBRACKET        shift and go to state 48
    LCURLY_BRACKET  shift and go to state 49
    NULL            shift and go to state 51
    LOGICAL_NOT     shift and go to state 62
    BITWISE_NOT     shift and go to state 63
    MINUS           shift and go to state 60
    LPAREN          shift and go to state 65
    INT             shift and go to state 67
    FLOAT           shift and go to state 68
    BOOLEAN         shift and go to state 69
    STRING_LITERAL  shift and go to state 70
    VAR_ACCESS      shift and go to state 72

    expression                     shift and go to state 73
    list                           shift and go to state 42
    map                            shift and go to state 43
    arithmetic_expr                shift and go to state 44
    null_value                     shift and go to state 45
    ternary_expression             shift and go to state 46
    null_coalesce_expression       shift and go to state 47
    logical_or_expression          shift and go to state 50
    logical_and_expression         shift and go to state 52
    bitwise_or_expression          shift and go to state 53
    bitwise_xor_expression         shift and go to state 54
    bitwise_and_expression         shift and go to state 55
    arith_comparison_expression    shift and go to state 56
    shift_expression               shift and go to state 57
    additive_expression            shift and go to state 58
    multiplicative_expression      shift and go to state 59
    unary_expression               shift and go to state 61
    primary_expression             shift and go to state 64
    arithmetic_factor              shift and go to state 66
    variable_reference             shift and go to state 71

state 29

    (15) chain -> chain POINTER . retry
    (23) retry -> . meta
    (24) retry -> . task RETRY INT
    (18) meta -> . task
    (19) meta -> . meta_task
    (20) meta -> . grouped
    (21) meta -> . conditional
    (22) meta -> . LPAREN chain RPAREN
    (25) task -> . IDENTIFIER attribute_list
    (26) task -> . IDENTIFIER DOUBLE_COLON IDENTIFIER attribute_list
    (32) meta_task -> . mode LANGLE IDENTIFIER RANGLE attribute_list
    (33) meta_task -> . mode LANGLE IDENTIFIER DOUBLE_COLON IDENTIFIER RANGLE attribute_list
    (40) grouped -> . LCURLY_BRACKET chain RCURLY_BRACKET
    (41) grouped -> . LCURLY_BRACKET chain RCURLY_BRACKET attribute_list
    (9) conditional -> . meta LPAREN branch_list RPAREN
    (34) mode -> . MAP
    (35) mode -> . FILTER
    (36) mode -> . REDUCE
    (37) mode -> . FOREACH
    (38) mode -> . FLATMAP
    (39) mode -> . FANOUT

    LPAREN          shift and go to state 16
    IDENTIFIER      shift and go to state 17
    LCURLY_BRACKET  shift and go to state 19
    MAP             shift and go to state 20
    FILTER          shift and go to state 21
    REDUCE          shift and go to state 22
    FOREACH         shift and go to state 23
    FLATMAP         shift and go to state 24
    FANOUT          shift and go to state 25

    retry                          shift and go to state 74
    meta                           shift and go to state 11
    task                           shift and go to state 12
    meta_task                      shift and go to state 13
    grouped                        shift and go to state 14
    conditional                    shift and go to state 15
    mode                           shift and go to state 18

state 30

    (16) chain -> chain PPOINTER . retry
    (23) retry -> . meta
    (24) retry -> . task RETRY INT
    (18) meta -> . task
    (19) meta -> . meta_task
    (20) meta -> . grouped
    (21) meta -> . conditional
    (22) meta -> . LPAREN chain RPAREN
    (25) task -> . IDENTIFIER attribute_list
    (26) task -> . IDENTIFIER DOUBLE_COLON IDENTIFIER attribute_list
    (32) meta_task -> . mode LANGLE IDENTIFIER RANGLE attribute_list
    (33) meta_task -> . mode LANGLE IDENTIFIER DOUBLE_COLON IDENTIFIER RANGLE attribute_list
    (40) grouped -> . LCURLY_BRACKET chain RCURLY_BRACKET
    (41) grouped -> . LCURLY_BRACKET chain RCURLY_BRACKET attribute_list
    (9) conditional -> . meta LPAREN branch_list RPAREN
    (34) mode -> . MAP
    (35) mode -> . FILTER
    (36) mode -> . REDUCE
    (37) mode -> . FOREACH
    (38) mode -> . FLATMAP
    (39) mode -> . FANOUT

    LPAREN          shift and go to state 16
    IDENTIFIER      shift and go to state 17
    LCURLY_BRACKET  shift and go to state 19
    MAP             shift and go to state 20
    FILTER          shift and go to state 21
    REDUCE          shift and go to state 22
    FOREACH         shift and go to state 23
    FLATMAP         shift and go to state 24
    FANOUT          shift and go to state 25

    retry                          shift and go to state 75
    meta                           shift and go to state 11
    task                           shift and go to state 12
    meta_task                      shift and go to state 13
    grouped                        shift and go to state 14
    conditional                    shift and go to state 15
    mode                           shift and go to state 18

state 31

    (17) chain -> chain PARALLEL . retry
    (23) retry -> . meta
    (24) retry -> . task RETRY INT
    (18) meta -> . task
    (19) meta -> . meta_task
    (20) meta -> . grouped
    (21) meta -> . conditional
    (22) meta -> . LPAREN chain RPAREN
    (25) task -> . IDENTIFIER attribute_list
    (26) task -> . IDENTIFIER DOUBLE_COLON IDENTIFIER attribute_list
    (32) meta_task -> . mode LANGLE IDENTIFIER RANGLE attribute_list
    (33) meta_task -> . mode LANGLE IDENTIFIER DOUBLE_COLON IDENTIFIER RANGLE attribute_list
    (40) grouped -> . LCURLY_BRACKET chain RCURLY_BRACKET
    (41) grouped -> . LCURLY_BRACKET chain RCURLY_BRACKET attribute_list
    (9) conditional -> . meta LPAREN branch_list RPAREN
    (34) mode -> . MAP
    (35) mode -> . FILTER
    (36) mode -> . REDUCE
    (37) mode -> . FOREACH
    (38) mode -> . FLATMAP
    (39) mode -> . FANOUT

    LPAREN          shift and go to state 16
    IDENTIFIER      shift and go to state 17
    LCURLY_BRACKET  shift and go to state 19
    MAP             shift and go to state 20
    FILTER          shift and go to state 21
    REDUCE          shift and go to state 22
    FOREACH         shift and go to state 23
    FLATMAP         shift and go to state 24
    FANOUT          shift and go to state 25

    retry                          shift and go to state 76
    meta                           shift and go to state 11
    task                           shift and go to state 12
    meta_task                      shift and go to state 13
    grouped                        shift and go to state 14
    conditional                    shift and go to state 15
    mode                           shift and go to state 18

state 32

    (9) conditional -> meta LPAREN . branch_list RPAREN
    (10) branch_list -> . branch
    (11) branch_list -> . branch_list SEPARATOR branch
    (12) branch -> . descriptor POINTER chain
    (13) branch -> . descriptor PPOINTER chain
    (66) descriptor -> . INT

    INT             shift and go to state 80

    branch_list                    shift and go to state 77
    branch                         shift and go to state 78
    descriptor                     shift and go to state 79

state 33

    (24) retry -> task RETRY . INT

    INT             shift and go to state 81


state 34

    (22) meta -> LPAREN chain . RPAREN
    (15) chain -> chain . POINTER retry
    (16) chain -> chain . PPOINTER retry
    (17) chain -> chain . PARALLEL retry

    RPAREN          shift and go to state 82
    POINTER         shift and go to state 29
    PPOINTER        shift and go to state 30
    PARALLEL        shift and go to state 31


state 35

    (25) task -> IDENTIFIER attribute_list .

    RETRY           reduce using rule 25 (task -> IDENTIFIER attribute_list .)
    LPAREN          reduce using rule 25 (task -> IDENTIFIER attribute_list .)
    POINTER         reduce using rule 25 (task -> IDENTIFIER attribute_list .)
    PPOINTER        reduce using rule 25 (task -> IDENTIFIER attribute_list .)
    PARALLEL        reduce using rule 25 (task -> IDENTIFIER attribute_list .)
    VAR_DECL        reduce using rule 25 (task -> IDENTIFIER attribute_list .)
    IDENTIFIER      reduce using rule 25 (task -> IDENTIFIER attribute_list .)
    LCURLY_BRACKET  reduce using rule 25 (task -> IDENTIFIER attribute_list .)
    MAP             reduce using rule 25 (task -> IDENTIFIER attribute_list .)
    FILTER          reduce using rule 25 (task -> IDENTIFIER attribute_list .)
    REDUCE          reduce using rule 25 (task -> IDENTIFIER attribute_list .)
    FOREACH         reduce using rule 25 (task -> IDENTIFIER attribute_list .)
    FLATMAP         reduce using rule 25 (task -> IDENTIFIER attribute_list .)
    FANOUT          reduce using rule 25 (task -> IDENTIFIER attribute_list .)
    $end            reduce using rule 25 (task -> IDENTIFIER attribute_list .)
    RPAREN          reduce using rule 25 (task -> IDENTIFIER attribute_list .)
    RCURLY_BRACKET  reduce using rule 25 (task -> IDENTIFIER attribute_list .)
    SEPARATOR       reduce using rule 25 (task -> IDENTIFIER attribute_list .)


state 36

    (26) task -> IDENTIFIER DOUBLE_COLON . IDENTIFIER attribute_list

    IDENTIFIER      shift and go to state 83


state 37

    (27) attribute_list -> LBRACKET . attribute_list_items RBRACKET
    (29) attribute_list_items -> . attribute
    (30) attribute_list_items -> . attribute_list_items SEPARATOR attribute
    (31) attribute -> . IDENTIFIER ASSIGN expression

    IDENTIFIER      shift and go to state 86

    attribute_list_items           shift and go to state 84
    attribute                      shift and go to state 85

state 38

    (28) attribute_list -> empty .

    RETRY           reduce using rule 28 (attribute_list -> empty .)
    LPAREN          reduce using rule 28 (attribute_list -> empty .)
    POINTER         reduce using rule 28 (attribute_list -> empty .)
    PPOINTER        reduce using rule 28 (attribute_list -> empty .)
    PARALLEL        reduce using rule 28 (attribute_list -> empty .)
    VAR_DECL        reduce using rule 28 (attribute_list -> empty .)
    IDENTIFIER      reduce using rule 28 (attribute_list -> empty .)
    LCURLY_BRACKET  reduce using rule 28 (attribute_list -> empty .)
    MAP             reduce using rule 28 (attribute_list -> empty .)
    FILTER          reduce using rule 28 (attribute_list -> empty .)
    REDUCE          reduce using rule 28 (attribute_list -> empty .)
    FOREACH         reduce using rule 28 (attribute_list -> empty .)
    FLATMAP         reduce using rule 28 (attribute_list -> empty .)
    FANOUT          reduce using rule 28 (attribute_list -> empty .)
    $end            reduce using rule 28 (attribute_list -> empty .)
    RPAREN          reduce using rule 28 (attribute_list -> empty .)
    RCURLY_BRACKET  reduce using rule 28 (attribute_list -> empty .)
    SEPARATOR       reduce using rule 28 (attribute_list -> empty .)


state 39

    (32) meta_task -> mode LANGLE . IDENTIFIER RANGLE attribute_list
    (33) meta_task -> mode LANGLE . IDENTIFIER DOUBLE_COLON IDENTIFIER RANGLE attribute_list

    IDENTIFIER      shift and go to state 87


state 40

    (40) grouped -> LCURLY_BRACKET chain . RCURLY_BRACKET
    (41) grouped -> LCURLY_BRACKET chain . RCURLY_BRACKET attribute_list
    (15) chain -> chain . POINTER retry
    (16) chain -> chain . PPOINTER retry
    (17) chain -> chain . PARALLEL retry

    RCURLY_BRACKET  shift and go to state 88
    POINTER         shift and go to state 29
    PPOINTER        shift and go to state 30
    PARALLEL        shift and go to state 31


state 41

    (45) variable_declaration -> VAR_DECL ASSIGN expression .
    (43) null_coalesce_expression -> expression . NULLCOALESCE expression

    VAR_DECL        reduce using rule 45 (variable_declaration -> VAR_DECL ASSIGN expression .)
    LPAREN          reduce using rule 45 (variable_declaration -> VAR_DECL ASSIGN expression .)
    IDENTIFIER      reduce using rule 45 (variable_declaration -> VAR_DECL ASSIGN expression .)
    LCURLY_BRACKET  reduce using rule 45 (variable_declaration -> VAR_DECL ASSIGN expression .)
    MAP             reduce using rule 45 (variable_declaration -> VAR_DECL ASSIGN expression .)
    FILTER          reduce using rule 45 (variable_declaration -> VAR_DECL ASSIGN expression .)
    REDUCE          reduce using rule 45 (variable_declaration -> VAR_DECL ASSIGN expression .)
    FOREACH         reduce using rule 45 (variable_declaration -> VAR_DECL ASSIGN expression .)
    FLATMAP         reduce using rule 45 (variable_declaration -> VAR_DECL ASSIGN expression .)
    FANOUT          reduce using rule 45 (variable_declaration -> VAR_DECL ASSIGN expression .)
    $end            reduce using rule 45 (variable_declaration -> VAR_DECL ASSIGN expression .)
    NULLCOALESCE    shift and go to state 89


state 42

    (46) expression -> list .

    NULLCOALESCE    reduce using rule 46 (expression -> list .)
    VAR_DECL        reduce using rule 46 (expression -> list .)
    LPAREN          reduce using rule 46 (expression -> list .)
    IDENTIFIER      reduce using rule 46 (expression -> list .)
    LCURLY_BRACKET  reduce using rule 46 (expression -> list .)
    MAP             reduce using rule 46 (expression -> list .)
    FILTER          reduce using rule 46 (expression -> list .)
    REDUCE          reduce using rule 46 (expression -> list .)
    FOREACH         reduce using rule 46 (expression -> list .)
    FLATMAP         reduce using rule 46 (expression -> list .)
    FANOUT          reduce using rule 46 (expression -> list .)
    $end            reduce using rule 46 (expression -> list .)
    RBRACKET        reduce using rule 46 (expression -> list .)
    SEPARATOR       reduce using rule 46 (expression -> list .)
    RPAREN          reduce using rule 46 (expression -> list .)
    COLON           reduce using rule 46 (expression -> list .)
    RCURLY_BRACKET  reduce using rule 46 (expression -> list .)


state 43

    (47) expression -> map .

    NULLCOALESCE    reduce using rule 47 (expression -> map .)
    VAR_DECL        reduce using rule 47 (expression -> map .)
    LPAREN          reduce using rule 47 (expression -> map .)
    IDENTIFIER      reduce using rule 47 (expression -> map .)
    LCURLY_BRACKET  reduce using rule 47 (expression -> map .)
    MAP             reduce using rule 47 (expression -> map .)
    FILTER          reduce using rule 47 (expression -> map .)
    REDUCE          reduce using rule 47 (expression -> map .)
    FOREACH         reduce using rule 47 (expression -> map .)
    FLATMAP         reduce using rule 47 (expression -> map .)
    FANOUT          reduce using rule 47 (expression -> map .)
    $end            reduce using rule 47 (expression -> map .)
    RBRACKET        reduce using rule 47 (expression -> map .)
    SEPARATOR       reduce using rule 47 (expression -> map .)
    RPAREN          reduce using rule 47 (expression -> map .)
    COLON           reduce using rule 47 (expression -> map .)
    RCURLY_BRACKET  reduce using rule 47 (expression -> map .)


state 44

    (48) expression -> arithmetic_expr .
    (42) ternary_expression -> arithmetic_expr . QUESTION expression COLON expression

    NULLCOALESCE    reduce using rule 48 (expression -> arithmetic_expr .)
    VAR_DECL        reduce using rule 48 (expression -> arithmetic_expr .)
    LPAREN          reduce using rule 48 (expression -> arithmetic_expr .)
    IDENTIFIER      reduce using rule 48 (expression -> arithmetic_expr .)
    LCURLY_BRACKET  reduce using rule 48 (expression -> arithmetic_expr .)
    MAP             reduce using rule 48 (expression -> arithmetic_expr .)
    FILTER          reduce using rule 48 (expression -> arithmetic_expr .)
    REDUCE          reduce using rule 48 (expression -> arithmetic_expr .)
    FOREACH         reduce using rule 48 (expression -> arithmetic_expr .)
    FLATMAP         reduce using rule 48 (expression -> arithmetic_expr .)
    FANOUT          reduce using rule 48 (expression -> arithmetic_expr .)
    $end            reduce using rule 48 (expression -> arithmetic_expr .)
    RBRACKET        reduce using rule 48 (expression -> arithmetic_expr .)
    SEPARATOR       reduce using rule 48 (expression -> arithmetic_expr .)
    RPAREN          reduce using rule 48 (expression -> arithmetic_expr .)
    COLON           reduce using rule 48 (expression -> arithmetic_expr .)
    RCURLY_BRACKET  reduce using rule 48 (expression -> arithmetic_expr .)
    QUESTION        shift and go to state 90


state 45

    (49) expression -> null_value .

    NULLCOALESCE    reduce using rule 49 (expression -> null_value .)
    VAR_DECL        reduce using rule 49 (expression -> null_value .)
    LPAREN          reduce using rule 49 (expression -> null_value .)
    IDENTIFIER      reduce using rule 49 (expression -> null_value .)
    LCURLY_BRACKET  reduce using rule 49 (expression -> null_value .)
    MAP             reduce using rule 49 (expression -> null_value .)
    FILTER          reduce using rule 49 (expression -> null_value .)
    REDUCE          reduce using rule 49 (expression -> null_value .)
    FOREACH         reduce using rule 49 (expression -> null_value .)
    FLATMAP         reduce using rule 49 (expression -> null_value .)
    FANOUT          reduce using rule 49 (expression -> null_value .)
    $end            reduce using rule 49 (expression -> null_value .)
    RBRACKET        reduce using rule 49 (expression -> null_value .)
    SEPARATOR       reduce using rule 49 (expression -> null_value .)
    RPAREN          reduce using rule 49 (expression -> null_value .)
    COLON           reduce using rule 49 (expression -> null_value .)
    RCURLY_BRACKET  reduce using rule 49 (expression -> null_value .)


state 46

    (50) expression -> ternary_expression .

    NULLCOALESCE    reduce using rule 50 (expression -> ternary_expression .)
    VAR_DECL        reduce using rule 50 (expression -> ternary_expression .)
    LPAREN          reduce using rule 50 (expression -> ternary_expression .)
    IDENTIFIER      reduce using rule 50 (expression -> ternary_expression .)
    LCURLY_BRACKET  reduce using rule 50 (expression -> ternary_expression .)
    MAP             reduce using rule 50 (expression -> ternary_expression .)
    FILTER          reduce using rule 50 (expression -> ternary_expression .)
    REDUCE          reduce using rule 50 (expression -> ternary_expression .)
    FOREACH         reduce using rule 50 (expression -> ternary_expression .)
    FLATMAP         reduce using rule 50 (expression -> ternary_expression .)
    FANOUT          reduce using rule 50 (expression -> ternary_expression .)
    $end            reduce using rule 50 (expression -> ternary_expression .)
    RBRACKET        reduce using rule 50 (expression -> ternary_expression .)
    SEPARATOR       reduce using rule 50 (expression -> ternary_expression .)
    RPAREN          reduce using rule 50 (expression -> ternary_expression .)
    COLON           reduce using rule 50 (expression -> ternary_expression .)
    RCURLY_BRACKET  reduce using rule 50 (expression -> ternary_expression .)


state 47

    (51) expression -> null_coalesce_expression .

    NULLCOALESCE    reduce using rule 51 (expression -> null_coalesce_expression .)
    VAR_DECL        reduce using rule 51 (expression -> null_coalesce_expression .)
    LPAREN          reduce using rule 51 (expression -> null_coalesce_expression .)
    IDENTIFIER      reduce using rule 51 (expression -> null_coalesce_expression .)
    LCURLY_BRACKET  reduce using rule 51 (expression -> null_coalesce_expression .)
    MAP             reduce using rule 51 (expression -> null_coalesce_expression .)
    FILTER          reduce using rule 51 (expression -> null_coalesce_expression .)
    REDUCE          reduce using rule 51 (expression -> null_coalesce_expression .)
    FOREACH         reduce using rule 51 (expression -> null_coalesce_expression .)
    FLATMAP         reduce using rule 51 (expression -> null_coalesce_expression .)
    FANOUT          reduce using rule 51 (expression -> null_coalesce_expression .)
    $end            reduce using rule 51 (expression -> null_coalesce_expression .)
    RBRACKET        reduce using rule 51 (expression -> null_coalesce_expression .)
    SEPARATOR       reduce using rule 51 (expression -> null_coalesce_expression .)
    RPAREN          reduce using rule 51 (expression -> null_coalesce_expression .)
    COLON           reduce using rule 51 (expression -> null_coalesce_expression .)
    RCURLY_BRACKET  reduce using rule 51 (expression -> null_coalesce_expression .)


state 48

    (57) list -> LBRACKET . list_elements RBRACKET
    (58) list_elements -> . expression
    (59) list_elements -> . list_elements SEPARATOR expression
    (60) list_elements -> . empty
    (46) expression -> . list
    (47) expression -> . map
    (48) expression -> . arithmetic_expr
    (49) expression -> . null_value
    (50) expression -> . ternary_expression
    (51) expression -> . null_coalesce_expression
    (61) empty -> .
    (57) list -> . LBRACKET list_elements RBRACKET
    (52) map -> . LCURLY_BRACKET map_entries RCURLY_BRACKET
    (67) arithmetic_expr -> . logical_or_expression
    (62) null_value -> . NULL
    (42) ternary_expression -> . arithmetic_expr QUESTION expression COLON expression
    (43) null_coalesce_expression -> . expression NULLCOALESCE expression
    (68) logical_or_expression -> . logical_or_expression PARALLEL logical_and_expression
    (69) logical_or_expression -> . logical_and_expression
    (70) logical_and_expression -> . logical_and_expression LOGICAL_AND bitwise_or_expression
    (71) logical_and_expression -> . bitwise_or_expression
    (72) bitwise_or_expression -> . bitwise_or_expression BITWISE_OR bitwise_xor_expression
    (73) bitwise_or_expression -> . bitwise_xor_expression
    (74) bitwise_xor_expression -> . bitwise_xor_expression BITWISE_XOR bitwise_and_expression
    (75) bitwise_xor_expression -> . bitwise_and_expression
    (76) bitwise_and_expression -> . bitwise_and_expression BITWISE_AND arith_comparison_expression
    (77) bitwise_and_expression -> . arith_comparison_expression
    (78) arith_comparison_expression -> . arith_comparison_expression EQ shift_expression
    (79) arith_comparison_expression -> . arith_comparison_expression NE shift_expression
    (80) arith_comparison_expression -> . arith_comparison_expression LANGLE shift_expression
    (81) arith_comparison_expression -> . arith_comparison_expression RANGLE shift_expression
    (82) arith_comparison_expression -> . arith_comparison_expression LE shift_expression
    (83) arith_comparison_expression -> . arith_comparison_expression GE shift_expression
    (84) arith_comparison_expression -> . shift_expression
    (85) shift_expression -> . shift_expression LSHL additive_expression
    (86) shift_expression -> . shift_expression LSHR additive_expression
    (87) shift_expression -> . shift_expression ASHR additive_expression
    (88) shift_expression -> . additive_expression
    (89) additive_expression -> . additive_expression PLUS multiplicative_expression
    (90) additive_expression -> . additive_expression MINUS multiplicative_expression
    (91) additive_expression -> . multiplicative_expression
    (92) multiplicative_expression -> . multiplicative_expression DIV unary_expression
    (93) multiplicative_expression -> . multiplicative_expression MOD unary_expression
    (94) multiplicative_expression -> . multiplicative_expression RETRY unary_expression
    (95) multiplicative_expression -> . unary_expression
    (96) unary_expression -> . LOGICAL_NOT unary_expression
    (97) unary_expression -> . BITWISE_NOT unary_expression
    (98) unary_expression -> . MINUS unary_expression
    (99) unary_expression -> . primary_expression
    (100) primary_expression -> . LPAREN expression RPAREN
    (101) primary_expression -> . arithmetic_factor
    (102) arithmetic_factor -> . INT
    (103) arithmetic_factor -> . FLOAT
    (104) arithmetic_factor -> . BOOLEAN
    (105) arithmetic_factor -> . STRING_LITERAL
    (106) arithmetic_factor -> . variable_reference
    (63) variable_reference -> . VAR_ACCESS
    (64) variable_reference -> . VAR_ACCESS DOT IDENTIFIER
    (65) variable_reference -> . VAR_ACCESS LBRACKET expression RBRACKET

    RBRACKET        reduce using rule 61 (empty -> .)
    SEPARATOR       reduce using rule 61 (empty -> .)
    LBRACKET        shift and go to state 48
    LCURLY_BRACKET  shift and go to state 49
    NULL            shift and go to state 51
    LOGICAL_NOT     shift and go to state 62
    BITWISE_NOT     shift and go to state 63
    MINUS           shift and go to state 60
    LPAREN          shift and go to state 65
    INT             shift and go to state 67
    FLOAT           shift and go to state 68
    BOOLEAN         shift and go to state 69
    STRING_LITERAL  shift and go to state 70
    VAR_ACCESS      shift and go to state 72

    list_elements                  shift and go to state 91
    expression                     shift and go to state 92
    empty                          shift and go to state 93
    list                           shift and go to state 42
    map                            shift and go to state 43
    arithmetic_expr                shift and go to state 44
    null_value                     shift and go to state 45
    ternary_expression             shift and go to state 46
    null_coalesce_expression       shift and go to state 47
    logical_or_expression          shift and go to state 50
    logical_and_expression         shift and go to state 52
    bitwise_or_expression          shift and go to state 53
    bitwise_xor_expression         shift and go to state 54
    bitwise_and_expression         shift and go to state 55
    arith_comparison_expression    shift and go to state 56
    shift_expression               shift and go to state 57
    additive_expression            shift and go to state 58
    multiplicative_expression      shift and go to state 59
    unary_expression               shift and go to state 61
    primary_expression             shift and go to state 64
    arithmetic_factor              shift and go to state 66
    variable_reference             shift and go to state 71

state 49

    (52) map -> LCURLY_BRACKET . map_entries RCURLY_BRACKET
    (53) map_entries -> . empty
    (54) map_entries -> . map_entry
    (55) map_entries -> . map_entries SEPARATOR map_entry
    (61) empty -> .
    (56) map_entry -> . STRING_LITERAL COLON expression

    RCURLY_BRACKET  reduce using rule 61 (empty -> .)
    SEPARATOR       reduce using rule 61 (empty -> .)
    STRING_LITERAL  shift and go to state 97

    map_entries                    shift and go to state 94
    empty                          shift and go to state 95
    map_entry                      shift and go to state 96

state 50

    (67) arithmetic_expr -> logical_or_expression .
    (68) logical_or_expression -> logical_or_expression . PARALLEL logical_and_expression

    QUESTION        reduce using rule 67 (arithmetic_expr -> logical_or_expression .)
    NULLCOALESCE    reduce using rule 67 (arithmetic_expr -> logical_or_expression .)
    VAR_DECL        reduce using rule 67 (arithmetic_expr -> logical_or_expression .)
    LPAREN          reduce using rule 67 (arithmetic_expr -> logical_or_expression .)
    IDENTIFIER      reduce using rule 67 (arithmetic_expr -> logical_or_expression .)
    LCURLY_BRACKET  reduce using rule 67 (arithmetic_expr -> logical_or_expression .)
    MAP             reduce using rule 67 (arithmetic_expr -> logical_or_expression .)
    FILTER          reduce using rule 67 (arithmetic_expr -> logical_or_expression .)
    REDUCE          reduce using rule 67 (arithmetic_expr -> logical_or_expression .)
    FOREACH         reduce using rule 67 (arithmetic_expr -> logical_or_expression .)
    FLATMAP         reduce using rule 67 (arithmetic_expr -> logical_or_expression .)
    FANOUT          reduce using rule 67 (arithmetic_expr -> logical_or_expression .)
    $end            reduce using rule 67 (arithmetic_expr -> logical_or_expression .)
    RBRACKET        reduce using rule 67 (arithmetic_expr -> logical_or_expression .)
    SEPARATOR       reduce using rule 67 (arithmetic_expr -> logical_or_expression .)
    RPAREN          reduce using rule 67 (arithmetic_expr -> logical_or_expression .)
    COLON           reduce using rule 67 (arithmetic_expr -> logical_or_expression .)
    RCURLY_BRACKET  reduce using rule 67 (arithmetic_expr -> logical_or_expression .)
    PARALLEL        shift and go to state 98


state 51

    (62) null_value -> NULL .

    NULLCOALESCE    reduce using rule 62 (null_value -> NULL .)
    VAR_DECL        reduce using rule 62 (null_value -> NULL .)
    LPAREN          reduce using rule 62 (null_value -> NULL .)
    IDENTIFIER      reduce using rule 62 (null_value -> NULL .)
    LCURLY_BRACKET  reduce using rule 62 (null_value -> NULL .)
    MAP             reduce using rule 62 (null_value -> NULL .)
    FILTER          reduce using rule 62 (null_value -> NULL .)
    REDUCE          reduce using rule 62 (null_value -> NULL .)
    FOREACH         reduce using rule 62 (null_value -> NULL .)
    FLATMAP         reduce using rule 62 (null_value -> NULL .)
    FANOUT          reduce using rule 62 (null_value -> NULL .)
    $end            reduce using rule 62 (null_value -> NULL .)
    RBRACKET        reduce using rule 62 (null_value -> NULL .)
    SEPARATOR       reduce using rule 62 (null_value -> NULL .)
    RPAREN          reduce using rule 62 (null_value -> NULL .)
    COLON           reduce using rule 62 (null_value -> NULL .)
    RCURLY_BRACKET  reduce using rule 62 (null_value -> NULL .)


state 52

    (69) logical_or_expression -> logical_and_expression .
    (70) logical_and_expression -> logical_and_expression . LOGICAL_AND bitwise_or_expression

    PARALLEL        reduce using rule 69 (logical_or_expression -> logical_and_expression .)
    QUESTION        reduce using rule 69 (logical_or_expression -> logical_and_expression .)
    NULLCOALESCE    reduce using rule 69 (logical_or_expression -> logical_and_expression .)
    VAR_DECL        reduce using rule 69 (logical_or_expression -> logical_and_expression .)
    LPAREN          reduce using rule 69 (logical_or_expression -> logical_and_expression .)
    IDENTIFIER      reduce using rule 69 (logical_or_expression -> logical_and_expression .)
    LCURLY_BRACKET  reduce using rule 69 (logical_or_expression -> logical_and_expression .)
    MAP             reduce using rule 69 (logical_or_expression -> logical_and_expression .)
    FILTER          reduce using rule 69 (logical_or_expression -> logical_and_expression .)
    REDUCE          reduce using rule 69 (logical_or_expression -> logical_and_expression .)
    FOREACH         reduce using rule 69 (logical_or_expression -> logical_and_expression .)
    FLATMAP         reduce using rule 69 (logical_or_expression -> logical_and_expression .)
    FANOUT          reduce using rule 69 (logical_or_expression -> logical_and_expression .)
    $end            reduce using rule 69 (logical_or_expression -> logical_and_expression .)
    RBRACKET        reduce using rule 69 (logical_or_expression -> logical_and_expression .)
    SEPARATOR       reduce using rule 69 (logical_or_expression -> logical_and_expression .)
    RPAREN          reduce using rule 69 (logical_or_expression -> logical_and_expression .)
    COLON           reduce using rule 69 (logical_or_expression -> logical_and_expression .)
    RCURLY_BRACKET  reduce using rule 69 (logical_or_expression -> logical_and_expression .)
    LOGICAL_AND     shift and go to state 99


state 53

    (71) logical_and_expression -> bitwise_or_expression .
    (72) bitwise_or_expression -> bitwise_or_expression . BITWISE_OR bitwise_xor_expression

    LOGICAL_AND     reduce using rule 71 (logical_and_expression -> bitwise_or_expression .)
    PARALLEL        reduce using rule 71 (logical_and_expression -> bitwise_or_expression .)
    QUESTION        reduce using rule 71 (logical_and_expression -> bitwise_or_expression .)
    NULLCOALESCE    reduce using rule 71 (logical_and_expression -> bitwise_or_expression .)
    VAR_DECL        reduce using rule 71 (logical_and_expression -> bitwise_or_expression .)
    LPAREN          reduce using rule 71 (logical_and_expression -> bitwise_or_expression .)
    IDENTIFIER      reduce using rule 71 (logical_and_expression -> bitwise_or_expression .)
    LCURLY_BRACKET  reduce using rule 71 (logical_and_expression -> bitwise_or_expression .)
    MAP             reduce using rule 71 (logical_and_expression -> bitwise_or_expression .)
    FILTER          reduce using rule 71 (logical_and_expression -> bitwise_or_expression .)
    REDUCE          reduce using rule 71 (logical_and_expression -> bitwise_or_expression .)
    FOREACH         reduce using rule 71 (logical_and_expression -> bitwise_or_expression .)
    FLATMAP         reduce using rule 71 (logical_and_expression -> bitwise_or_expression .)
    FANOUT          reduce using rule 71 (logical_and_expression -> bitwise_or_expression .)
    $end            reduce using rule 71 (logical_and_expression -> bitwise_or_expression .)
    RBRACKET        reduce using rule 71 (logical_and_expression -> bitwise_or_expression .)
    SEPARATOR       reduce using rule 71 (logical_and_expression -> bitwise_or_expression .)
    RPAREN          reduce using rule 71 (logical_and_expression -> bitwise_or_expression .)
    COLON           reduce using rule 71 (logical_and_expression -> bitwise_or_expression .)
    RCURLY_BRACKET  reduce using rule 71 (logical_and_expression -> bitwise_or_expression .)
    BITWISE_OR      shift and go to state 100


state 54

    (73) bitwise_or_expression -> bitwise_xor_expression .
    (74) bitwise_xor_expression -> bitwise_xor_expression . BITWISE_XOR bitwise_and_expression

    BITWISE_OR      reduce using rule 73 (bitwise_or_expression -> bitwise_xor_expression .)
    LOGICAL_AND     reduce using rule 73 (bitwise_or_expression -> bitwise_xor_expression .)
    PARALLEL        reduce using rule 73 (bitwise_or_expression -> bitwise_xor_expression .)
    QUESTION        reduce using rule 73 (bitwise_or_expression -> bitwise_xor_expression .)
    NULLCOALESCE    reduce using rule 73 (bitwise_or_expression -> bitwise_xor_expression .)
    VAR_DECL        reduce using rule 73 (bitwise_or_expression -> bitwise_xor_expression .)
    LPAREN          reduce using rule 73 (bitwise_or_expression -> bitwise_xor_expression .)
    IDENTIFIER      reduce using rule 73 (bitwise_or_expression -> bitwise_xor_expression .)
    LCURLY_BRACKET  reduce using rule 73 (bitwise_or_expression -> bitwise_xor_expression .)
    MAP             reduce using rule 73 (bitwise_or_expression -> bitwise_xor_expression .)
    FILTER          reduce using rule 73 (bitwise_or_expression -> bitwise_xor_expression .)
    REDUCE          reduce using rule 73 (bitwise_or_expression -> bitwise_xor_expression .)
    FOREACH         reduce using rule 73 (bitwise_or_expression -> bitwise_xor_expression .)
    FLATMAP         reduce using rule 73 (bitwise_or_expression -> bitwise_xor_expression .)
    FANOUT          reduce using rule 73 (bitwise_or_expression -> bitwise_xor_expression .)
    $end            reduce using rule 73 (bitwise_or_expression -> bitwise_xor_expression .)
    RBRACKET        reduce using rule 73 (bitwise_or_expression -> bitwise_xor_expression .)
    SEPARATOR       reduce using rule 73 (bitwise_or_expression -> bitwise_xor_expression .)
    RPAREN          reduce using rule 73 (bitwise_or_expression -> bitwise_xor_expression .)
    COLON           reduce using rule 73 (bitwise_or_expression -> bitwise_xor_expression .)
    RCURLY_BRACKET  reduce using rule 73 (bitwise_or_expression -> bitwise_xor_expression .)
    BITWISE_XOR     shift and go to state 101


state 55

    (75) bitwise_xor_expression -> bitwise_and_expression .
    (76) bitwise_and_expression -> bitwise_and_expression . BITWISE_AND arith_comparison_expression

    BITWISE_XOR     reduce using rule 75 (bitwise_xor_expression -> bitwise_and_expression .)
    BITWISE_OR      reduce using rule 75 (bitwise_xor_expression -> bitwise_and_expression .)
    LOGICAL_AND     reduce using rule 75 (bitwise_xor_expression -> bitwise_and_expression .)
    PARALLEL        reduce using rule 75 (bitwise_xor_expression -> bitwise_and_expression .)
    QUESTION        reduce using rule 75 (bitwise_xor_expression -> bitwise_and_expression .)
    NULLCOALESCE    reduce using rule 75 (bitwise_xor_expression -> bitwise_and_expression .)
    VAR_DECL        reduce using rule 75 (bitwise_xor_expression -> bitwise_and_expression .)
    LPAREN          reduce using rule 75 (bitwise_xor_expression -> bitwise_and_expression .)
    IDENTIFIER      reduce using rule 75 (bitwise_xor_expression -> bitwise_and_expression .)
    LCURLY_BRACKET  reduce using rule 75 (bitwise_xor_expression -> bitwise_and_expression .)
    MAP             reduce using rule 75 (bitwise_xor_expression -> bitwise_and_expression .)
    FILTER          reduce using rule 75 (bitwise_xor_expression -> bitwise_and_expression .)
    REDUCE          reduce using rule 75 (bitwise_xor_expression -> bitwise_and_expression .)
    FOREACH         reduce using rule 75 (bitwise_xor_expression -> bitwise_and_expression .)
    FLATMAP         reduce using rule 75 (bitwise_xor_expression -> bitwise_and_expression .)
    FANOUT          reduce using rule 75 (bitwise_xor_expression -> bitwise_and_expression .)
    $end            reduce using rule 75 (bitwise_xor_expression -> bitwise_and_expression .)
    RBRACKET        reduce using rule 75 (bitwise_xor_expression -> bitwise_and_expression .)
    SEPARATOR       reduce using rule 75 (bitwise_xor_expression -> bitwise_and_expression .)
    RPAREN          reduce using rule 75 (bitwise_xor_expression -> bitwise_and_expression .)
    COLON           reduce using rule 75 (bitwise_xor_expression -> bitwise_and_expression .)
    RCURLY_BRACKET  reduce using rule 75 (bitwise_xor_expression -> bitwise_and_expression .)
    BITWISE_AND     shift and go to state 102


state 56

    (77) bitwise_and_expression -> arith_comparison_expression .
    (78) arith_comparison_expression -> arith_comparison_expression . EQ shift_expression
    (79) arith_comparison_expression -> arith_comparison_expression . NE shift_expression
    (80) arith_comparison_expression -> arith_comparison_expression . LANGLE shift_expression
    (81) arith_comparison_expression -> arith_comparison_expression . RANGLE shift_expression
    (82) arith_comparison_expression -> arith_comparison_expression . LE shift_expression
    (83) arith_comparison_expression -> arith_comparison_expression . GE shift_expression

    BITWISE_AND     reduce using rule 77 (bitwise_and_expression -> arith_comparison_expression .)
    BITWISE_XOR     reduce using rule 77 (bitwise_and_expression -> arith_comparison_expression .)
    BITWISE_OR      reduce using rule 77 (bitwise_and_expression -> arith_comparison_expression .)
    LOGICAL_AND     reduce using rule 77 (bitwise_and_expression -> arith_comparison_expression .)
    PARALLEL        reduce using rule 77 (bitwise_and_expression -> arith_comparison_expression .)
    QUESTION        reduce using rule 77 (bitwise_and_expression -> arith_comparison_expression .)
    NULLCOALESCE    reduce using rule 77 (bitwise_and_expression -> arith_comparison_expression .)
    VAR_DECL        reduce using rule 77 (bitwise_and_expression -> arith_comparison_expression .)
    LPAREN          reduce using rule 77 (bitwise_and_expression -> arith_comparison_expression .)
    IDENTIFIER      reduce using rule 77 (bitwise_and_expression -> arith_comparison_expression .)
    LCURLY_BRACKET  reduce using rule 77 (bitwise_and_expression -> arith_comparison_expression .)
    MAP             reduce using rule 77 (bitwise_and_expression -> arith_comparison_expression .)
    FILTER          reduce using rule 77 (bitwise_and_expression -> arith_comparison_expression .)
    REDUCE          reduce using rule 77 (bitwise_and_expression -> arith_comparison_expression .)
    FOREACH         reduce using rule 77 (bitwise_and_expression -> arith_comparison_expression .)
    FLATMAP         reduce using rule 77 (bitwise_and_expression -> arith_comparison_expression .)
    FANOUT          reduce using rule 77 (bitwise_and_expression -> arith_comparison_expression .)
    $end            reduce using rule 77 (bitwise_and_expression -> arith_comparison_expression .)
    RBRACKET        reduce using rule 77 (bitwise_and_expression -> arith_comparison_expression .)
    SEPARATOR       reduce using rule 77 (bitwise_and_expression -> arith_comparison_expression .)
    RPAREN          reduce using rule 77 (bitwise_and_expression -> arith_comparison_expression .)
    COLON           reduce using rule 77 (bitwise_and_expression -> arith_comparison_expression .)
    RCURLY_BRACKET  reduce using rule 77 (bitwise_and_expression -> arith_comparison_expression .)
    EQ              shift and go to state 103
    NE              shift and go to state 104
    LANGLE          shift and go to state 105
    RANGLE          shift and go to state 106
    LE              shift and go to state 107
    GE              shift and go to state 108


state 57

    (84) arith_comparison_expression -> shift_expression .
    (85) shift_expression -> shift_expression . LSHL additive_expression
    (86) shift_expression -> shift_expression . LSHR additive_expression
    (87) shift_expression -> shift_expression . ASHR additive_expression

    EQ              reduce using rule 84 (arith_comparison_expression -> shift_expression .)
    NE              reduce using rule 84 (arith_comparison_expression -> shift_expression .)
    LANGLE          reduce using rule 84 (arith_comparison_expression -> shift_expression .)
    RANGLE          reduce using rule 84 (arith_comparison_expression -> shift_expression .)
    LE              reduce using rule 84 (arith_comparison_expression -> shift_expression .)
    GE              reduce using rule 84 (arith_comparison_expression -> shift_expression .)
    BITWISE_AND     reduce using rule 84 (arith_comparison_expression -> shift_expression .)
    BITWISE_XOR     reduce using rule 84 (arith_comparison_expression -> shift_expression .)
    BITWISE_OR      reduce using rule 84 (arith_comparison_expression -> shift_expression .)
    LOGICAL_AND     reduce using rule 84 (arith_comparison_expression -> shift_expression .)
    PARALLEL        reduce using rule 84 (arith_comparison_expression -> shift_expression .)
    QUESTION        reduce using rule 84 (arith_comparison_expression -> shift_expression .)
    NULLCOALESCE    reduce using rule 84 (arith_comparison_expression -> shift_expression .)
    VAR_DECL        reduce using rule 84 (arith_comparison_expression -> shift_expression .)
    LPAREN          reduce using rule 84 (arith_comparison_expression -> shift_expression .)
    IDENTIFIER      reduce using rule 84 (arith_comparison_expression -> shift_expression .)
    LCURLY_BRACKET  reduce using rule 84 (arith_comparison_expression -> shift_expression .)
    MAP             reduce using rule 84 (arith_comparison_expression -> shift_expression .)
    FILTER          reduce using rule 84 (arith_comparison_expression -> shift_expression .)
    REDUCE          reduce using rule 84 (arith_comparison_expression -> shift_expression .)
    FOREACH         reduce using rule 84 (arith_comparison_expression -> shift_expression .)
    FLATMAP         reduce using rule 84 (arith_comparison_expression -> shift_expression .)
    FANOUT          reduce using rule 84 (arith_comparison_expression -> shift_expression .)
    $end            reduce using rule 84 (arith_comparison_expression -> shift_expression .)
    RBRACKET        reduce using rule 84 (arith_comparison_expression -> shift_expression .)
    SEPARATOR       reduce using rule 84 (arith_comparison_expression -> shift_expression .)
    RPAREN          reduce using rule 84 (arith_comparison_expression -> shift_expression .)
    COLON           reduce using rule 84 (arith_comparison_expression -> shift_expression .)
    RCURLY_BRACKET  reduce using rule 84 (arith_comparison_expression -> shift_expression .)
    LSHL            shift and go to state 109
    LSHR            shift and go to state 110
    ASHR            shift and go to state 111


state 58

    (88) shift_expression -> additive_expression .
    (89) additive_expression -> additive_expression . PLUS multiplicative_expression
    (90) additive_expression -> additive_expression . MINUS multiplicative_expression

    LSHL            reduce using rule 88 (shift_expression -> additive_expression .)
    LSHR            reduce using rule 88 (shift_expression -> additive_expression .)
    ASHR            reduce using rule 88 (shift_expression -> additive_expression .)
    EQ              reduce using rule 88 (shift_expression -> additive_expression .)
    NE              reduce using rule 88 (shift_expression -> additive_expression .)
    LANGLE          reduce using rule 88 (shift_expression -> additive_expression .)
    RANGLE          reduce using rule 88 (shift_expression -> additive_expression .)
    LE              reduce using rule 88 (shift_expression -> additive_expression .)
    GE              reduce using rule 88 (shift_expression -> additive_expression .)
    BITWISE_AND     reduce using rule 88 (shift_expression -> additive_expression .)
    BITWISE_XOR     reduce using rule 88 (shift_expression -> additive_expression .)
    BITWISE_OR      reduce using rule 88 (shift_expression -> additive_expression .)
    LOGICAL_AND     reduce using rule 88 (shift_expression -> additive_expression .)
    PARALLEL        reduce using rule 88 (shift_expression -> additive_expression .)
    QUESTION        reduce using rule 88 (shift_expression -> additive_expression .)
    NULLCOALESCE    reduce using rule 88 (shift_expression -> additive_expression .)
    VAR_DECL        reduce using rule 88 (shift_expression -> additive_expression .)
    LPAREN          reduce using rule 88 (shift_expression -> additive_expression .)
    IDENTIFIER      reduce using rule 88 (shift_expression -> additive_expression .)
    LCURLY_BRACKET  reduce using rule 88 (shift_expression -> additive_expression .)
    MAP             reduce using rule 88 (shift_expression -> additive_expression .)
    FILTER          reduce using rule 88 (shift_expression -> additive_expression .)
    REDUCE          reduce using rule 88 (shift_expression -> additive_expression .)
    FOREACH         reduce using rule 88 (shift_expression -> additive_expression .)
    FLATMAP         reduce using rule 88 (shift_expression -> additive_expression .)
    FANOUT          reduce using rule 88 (shift_expression -> additive_expression .)
    $end            reduce using rule 88 (shift_expression -> additive_expression .)
    RBRACKET        reduce using rule 88 (shift_expression -> additive_expression .)
    SEPARATOR       reduce using rule 88 (shift_expression -> additive_expression .)
    RPAREN          reduce using rule 88 (shift_expression -> additive_expression .)
    COLON           reduce using rule 88 (shift_expression -> additive_expression .)
    RCURLY_BRACKET  reduce using rule 88 (shift_expression -> additive_expression .)
    PLUS            shift and go to state 112
    MINUS           shift and go to state 113


state 59

    (91) additive_expression -> multiplicative_expression .
    (92) multiplicative_expression -> multiplicative_expression . DIV unary_expression
    (93) multiplicative_expression -> multiplicative_expression . MOD unary_expression
    (94) multiplicative_expression -> multiplicative_expression . RETRY unary_expression

    PLUS            reduce using rule 91 (additive_expression -> multiplicative_expression .)
    MINUS           reduce using rule 91 (additive_expression -> multiplicative_expression .)
    LSHL            reduce using rule 91 (additive_expression -> multiplicative_expression .)
    LSHR            reduce using rule 91 (additive_expression -> multiplicative_expression .)
    ASHR            reduce using rule 91 (additive_expression -> multiplicative_expression .)
    EQ              reduce using rule 91 (additive_expression -> multiplicative_expression .)
    NE              reduce using rule 91 (additive_expression -> multiplicative_expression .)
    LANGLE          reduce using rule 91 (additive_expression -> multiplicative_expression .)
    RANGLE          reduce using rule 91 (additive_expression -> multiplicative_expression .)
    LE              reduce using rule 91 (additive_expression -> multiplicative_expression .)
    GE              reduce using rule 91 (additive_expression -> multiplicative_expression .)
    BITWISE_AND     reduce using rule 91 (additive_expression -> multiplicative_expression .)
    BITWISE_XOR     reduce using rule 91 (additive_expression -> multiplicative_expression .)
    BITWISE_OR      reduce using rule 91 (additive_expression -> multiplicative_expression .)
    LOGICAL_AND     reduce using rule 91 (additive_expression -> multiplicative_expression .)
    PARALLEL        reduce using rule 91 (additive_expression -> multiplicative_expression .)
    QUESTION        reduce using rule 91 (additive_expression -> multiplicative_expression .)
    NULLCOALESCE    reduce using rule 91 (additive_expression -> multiplicative_expression .)
    VAR_DECL        reduce using rule 91 (additive_expression -> multiplicative_expression .)
    LPAREN          reduce using rule 91 (additive_expression -> multiplicative_expression .)
    IDENTIFIER      reduce using rule 91 (additive_expression -> multiplicative_expression .)
    LCURLY_BRACKET  reduce using rule 91 (additive_expression -> multiplicative_expression .)
    MAP             reduce using rule 91 (additive_expression -> multiplicative_expression .)
    FILTER          reduce using rule 91 (additive_expression -> multiplicative_expression .)
    REDUCE          reduce using rule 91 (additive_expression -> multiplicative_expression .)
    FOREACH         reduce using rule 91 (additive_expression -> multiplicative_expression .)
    FLATMAP         reduce using rule 91 (additive_expression -> multiplicative_expression .)
    FANOUT          reduce using rule 91 (additive_expression -> multiplicative_expression .)
    $end            reduce using rule 91 (additive_expression -> multiplicative_expression .)
    RBRACKET        reduce using rule 91 (additive_expression -> multiplicative_expression .)
    SEPARATOR       reduce using rule 91 (additive_expression -> multiplicative_expression .)
    RPAREN          reduce using rule 91 (additive_expression -> multiplicative_expression .)
    COLON           reduce using rule 91 (additive_expression -> multiplicative_expression .)
    RCURLY_BRACKET  reduce using rule 91 (additive_expression -> multiplicative_expression .)
    DIV             shift and go to state 114
    MOD             shift and go to state 115
    RETRY           shift and go to state 116


state 60

    (98) unary_expression -> MINUS . unary_expression
    (96) unary_expression -> . LOGICAL_NOT unary_expression
    (97) unary_expression -> . BITWISE_NOT unary_expression
    (98) unary_expression -> . MINUS unary_expression
    (99) unary_expression -> . primary_expression
    (100) primary_expression -> . LPAREN expression RPAREN
    (101) primary_expression -> . arithmetic_factor
    (102) arithmetic_factor -> . INT
    (103) arithmetic_factor -> . FLOAT
    (104) arithmetic_factor -> . BOOLEAN
    (105) arithmetic_factor -> . STRING_LITERAL
    (106) arithmetic_factor -> . variable_reference
    (63) variable_reference -> . VAR_ACCESS
    (64) variable_reference -> . VAR_ACCESS DOT IDENTIFIER
    (65) variable_reference -> . VAR_ACCESS LBRACKET expression RBRACKET

    LOGICAL_NOT     shift and go to state 62
    BITWISE_NOT     shift and go to state 63
    MINUS           shift and go to state 60
    LPAREN          shift and go to state 65
    INT             shift and go to state 67
    FLOAT           shift and go to state 68
    BOOLEAN         shift and go to state 69
    STRING_LITERAL  shift and go to state 70
    VAR_ACCESS      shift and go to state 72

    unary_expression               shift and go to state 117
    primary_expression             shift and go to state 64
    arithmetic_factor              shift and go to state 66
    variable_reference             shift and go to state 71

state 61

    (95) multiplicative_expression -> unary_expression .

    DIV             reduce using rule 95 (multiplicative_expression -> unary_expression .)
    MOD             reduce using rule 95 (multiplicative_expression -> unary_expression .)
    RETRY           reduce using rule 95 (multiplicative_expression -> unary_expression .)
    PLUS            reduce using rule 95 (multiplicative_expression -> unary_expression .)
    MINUS           reduce using rule 95 (multiplicative_expression -> unary_expression .)
    LSHL            reduce using rule 95 (multiplicative_expression -> unary_expression .)
    LSHR            reduce using rule 95 (multiplicative_expression -> unary_expression .)
    ASHR            reduce using rule 95 (multiplicative_expression -> unary_expression .)
    EQ              reduce using rule 95 (multiplicative_expression -> unary_expression .)
    NE              reduce using rule 95 (multiplicative_expression -> unary_expression .)
    LANGLE          reduce using rule 95 (multiplicative_expression -> unary_expression .)
    RANGLE          reduce using rule 95 (multiplicative_expression -> unary_expression .)
    LE              reduce using rule 95 (multiplicative_expression -> unary_expression .)
    GE              reduce using rule 95 (multiplicative_expression -> unary_expression .)
    BITWISE_AND     reduce using rule 95 (multiplicative_expression -> unary_expression .)
    BITWISE_XOR     reduce using rule 95 (multiplicative_expression -> unary_expression .)
    BITWISE_OR      reduce using rule 95 (multiplicative_expression -> unary_expression .)
    LOGICAL_AND     reduce using rule 95 (multiplicative_expression -> unary_expression .)
    PARALLEL        reduce using rule 95 (multiplicative_expression -> unary_expression .)
    QUESTION        reduce using rule 95 (multiplicative_expression -> unary_expression .)
    NULLCOALESCE    reduce using rule 95 (multiplicative_expression -> unary_expression .)
    VAR_DECL        reduce using rule 95 (multiplicative_expression -> unary_expression .)
    LPAREN          reduce using rule 95 (multiplicative_expression -> unary_expression .)
    IDENTIFIER      reduce using rule 95 (multiplicative_expression -> unary_expression .)
    LCURLY_BRACKET  reduce using rule 95 (multiplicative_expression -> unary_expression .)
    MAP             reduce using rule 95 (multiplicative_expression -> unary_expression .)
    FILTER          reduce using rule 95 (multiplicative_expression -> unary_expression .)
    REDUCE          reduce using rule 95 (multiplicative_expression -> unary_expression .)
    FOREACH         reduce using rule 95 (multiplicative_expression -> unary_expression .)
    FLATMAP         reduce using rule 95 (multiplicative_expression -> unary_expression .)
    FANOUT          reduce using rule 95 (multiplicative_expression -> unary_expression .)
    $end            reduce using rule 95 (multiplicative_expression -> unary_expression .)
    RBRACKET        reduce using rule 95 (multiplicative_expression -> unary_expression .)
    SEPARATOR       reduce using rule 95 (multiplicative_expression -> unary_expression .)
    RPAREN          reduce using rule 95 (multiplicative_expression -> unary_expression .)
    COLON           reduce using rule 95 (multiplicative_expression -> unary_expression .)
    RCURLY_BRACKET  reduce using rule 95 (multiplicative_expression -> unary_expression .)


state 62

    (96) unary_expression -> LOGICAL_NOT . unary_expression
    (96) unary_expression -> . LOGICAL_NOT unary_expression
    (97) unary_expression -> . BITWISE_NOT unary_expression
    (98) unary_expression -> . MINUS unary_expression
    (99) unary_expression -> . primary_expression
    (100) primary_expression -> . LPAREN expression RPAREN
    (101) primary_expression -> . arithmetic_factor
    (102) arithmetic_factor -> . INT
    (103) arithmetic_factor -> . FLOAT
    (104) arithmetic_factor -> . BOOLEAN
    (105) arithmetic_factor -> . STRING_LITERAL
    (106) arithmetic_factor -> . variable_reference
    (63) variable_reference -> . VAR_ACCESS
    (64) variable_reference -> . VAR_ACCESS DOT IDENTIFIER
    (65) variable_reference -> . VAR_ACCESS LBRACKET expression RBRACKET

    LOGICAL_NOT     shift and go to state 62
    BITWISE_NOT     shift and go to state 63
    MINUS           shift and go to state 60
    LPAREN          shift and go to state 65
    INT             shift and go to state 67
    FLOAT           shift and go to state 68
    BOOLEAN         shift and go to state 69
    STRING_LITERAL  shift and go to state 70
    VAR_ACCESS      shift and go to state 72

    unary_expression               shift and go to state 118
    primary_expression             shift and go to state 64
    arithmetic_factor              shift and go to state 66
    variable_reference             shift and go to state 71

state 63

    (97) unary_expression -> BITWISE_NOT . unary_expression
    (96) unary_expression -> . LOGICAL_NOT unary_expression
    (97) unary_expression -> . BITWISE_NOT unary_expression
    (98) unary_expression -> . MINUS unary_expression
    (99) unary_expression -> . primary_expression
    (100) primary_expression -> . LPAREN expression RPAREN
    (101) primary_expression -> . arithmetic_factor
    (102) arithmetic_factor -> . INT
    (103) arithmetic_factor -> . FLOAT
    (104) arithmetic_factor -> . BOOLEAN
    (105) arithmetic_factor -> . STRING_LITERAL
    (106) arithmetic_factor -> . variable_reference
    (63) variable_reference -> . VAR_ACCESS
    (64) variable_reference -> . VAR_ACCESS DOT IDENTIFIER
    (65) variable_reference -> . VAR_ACCESS LBRACKET expression RBRACKET

    LOGICAL_NOT     shift and go to state 62
    BITWISE_NOT     shift and go to state 63
    MINUS           shift and go to state 60
    LPAREN          shift and go to state 65
    INT             shift and go to state 67
    FLOAT           shift and go to state 68
    BOOLEAN         shift and go to state 69
    STRING_LITERAL  shift and go to state 70
    VAR_ACCESS      shift and go to state 72

    unary_expression               shift and go to state 119
    primary_expression             shift and go to state 64
    arithmetic_factor              shift and go to state 66
    variable_reference             shift and go to state 71

state 64

    (99) unary_expression -> primary_expression .

    DIV             reduce using rule 99 (unary_expression -> primary_expression .)
    MOD             reduce using rule 99 (unary_expression -> primary_expression .)
    RETRY           reduce using rule 99 (unary_expression -> primary_expression .)
    PLUS            reduce using rule 99 (unary_expression -> primary_expression .)
    MINUS           reduce using rule 99 (unary_expression -> primary_expression .)
    LSHL            reduce using rule 99 (unary_expression -> primary_expression .)
    LSHR            reduce using rule 99 (unary_expression -> primary_expression .)
    ASHR            reduce using rule 99 (unary_expression -> primary_expression .)
    EQ              reduce using rule 99 (unary_expression -> primary_expression .)
    NE              reduce using rule 99 (unary_expression -> primary_expression .)
    LANGLE          reduce using rule 99 (unary_expression -> primary_expression .)
    RANGLE          reduce using rule 99 (unary_expression -> primary_expression .)
    LE              reduce using rule 99 (unary_expression -> primary_expression .)
    GE              reduce using rule 99 (unary_expression -> primary_expression .)
    BITWISE_AND     reduce using rule 99 (unary_expression -> primary_expression .)
    BITWISE_XOR     reduce using rule 99 (unary_expression -> primary_expression .)
    BITWISE_OR      reduce using rule 99 (unary_expression -> primary_expression .)
    LOGICAL_AND     reduce using rule 99 (unary_expression -> primary_expression .)
    PARALLEL        reduce using rule 99 (unary_expression -> primary_expression .)
    QUESTION        reduce using rule 99 (unary_expression -> primary_expression .)
    NULLCOALESCE    reduce using rule 99 (unary_expression -> primary_expression .)
    VAR_DECL        reduce using rule 99 (unary_expression -> primary_expression .)
    LPAREN          reduce using rule 99 (unary_expression -> primary_expression .)
    IDENTIFIER      reduce using rule 99 (unary_expression -> primary_expression .)
    LCURLY_BRACKET  reduce using rule 99 (unary_expression -> primary_expression .)
    MAP             reduce using rule 99 (unary_expression -> primary_expression .)
    FILTER          reduce using rule 99 (unary_expression -> primary_expression .)
    REDUCE          reduce using rule 99 (unary_expression -> primary_expression .)
    FOREACH         reduce using rule 99 (unary_expression -> primary_expression .)
    FLATMAP         reduce using rule 99 (unary_expression -> primary_expression .)
    FANOUT          reduce using rule 99 (unary_expression -> primary_expression .)
    $end            reduce using rule 99 (unary_expression -> primary_expression .)
    RBRACKET        reduce using rule 99 (unary_expression -> primary_expression .)
    SEPARATOR       reduce using rule 99 (unary_expression -> primary_expression .)
    RPAREN          reduce using rule 99 (unary_expression -> primary_expression .)
    COLON           reduce using rule 99 (unary_expression -> primary_expression .)
    RCURLY_BRACKET  reduce using rule 99 (unary_expression -> primary_expression .)


state 65

    (100) primary_expression -> LPAREN . expression RPAREN
    (46) expression -> . list
    (47) expression -> . map
    (48) expression -> . arithmetic_expr
    (49) expression -> . null_value
    (50) expression -> . ternary_expression
    (51) expression -> . null_coalesce_expression
    (57) list -> . LBRACKET list_elements RBRACKET
    (52) map -> . LCURLY_BRACKET map_entries RCURLY_BRACKET
    (67) arithmetic_expr -> . logical_or_expression
    (62) null_value -> . NULL
    (42) ternary_expression -> . arithmetic_expr QUESTION expression COLON expression
    (43) null_coalesce_expression -> . expression NULLCOALESCE expression
    (68) logical_or_expression -> . logical_or_expression PARALLEL logical_and_expression
    (69) logical_or_expression -> . logical_and_expression
    (70) logical_and_expression -> . logical_and_expression LOGICAL_AND bitwise_or_expression
    (71) logical_and_expression -> . bitwise_or_expression
    (72) bitwise_or_expression -> . bitwise_or_expression BITWISE_OR bitwise_xor_expression
    (73) bitwise_or_expression -> . bitwise_xor_expression
    (74) bitwise_xor_expression -> . bitwise_xor_expression BITWISE_XOR bitwise_and_expression
    (75) bitwise_xor_expression -> . bitwise_and_expression
    (76) bitwise_and_expression -> . bitwise_and_expression BITWISE_AND arith_comparison_expression
    (77) bitwise_and_expression -> . arith_comparison_expression
    (78) arith_comparison_expression -> . arith_comparison_expression EQ shift_expression
    (79) arith_comparison_expression -> . arith_comparison_expression NE shift_expression
    (80) arith_comparison_expression -> . arith_comparison_expression LANGLE shift_expression
    (81) arith_comparison_expression -> . arith_comparison_expression RANGLE shift_expression
    (82) arith_comparison_expression -> . arith_comparison_expression LE shift_expression
    (83) arith_comparison_expression -> . arith_comparison_expression GE shift_expression
    (84) arith_comparison_expression -> . shift_expression
    (85) shift_expression -> . shift_expression LSHL additive_expression
    (86) shift_expression -> . shift_expression LSHR additive_expression
    (87) shift_expression -> . shift_expression ASHR additive_expression
    (88) shift_expression -> . additive_expression
    (89) additive_expression -> . additive_expression PLUS multiplicative_expression
    (90) additive_expression -> . additive_expression MINUS multiplicative_expression
    (91) additive_expression -> . multiplicative_expression
    (92) multiplicative_expression -> . multiplicative_expression DIV unary_expression
    (93) multiplicative_expression -> . multiplicative_expression MOD unary_expression
    (94) multiplicative_expression -> . multiplicative_expression RETRY unary_expression
    (95) multiplicative_expression -> . unary_expression
    (96) unary_expression -> . LOGICAL_NOT unary_expression
    (97) unary_expression -> . BITWISE_NOT unary_expression
    (98) unary_expression -> . MINUS unary_expression
    (99) unary_expression -> . primary_expression
    (100) primary_expression -> . LPAREN expression RPAREN
    (101) primary_expression -> . arithmetic_factor
    (102) arithmetic_factor -> . INT
    (103) arithmetic_factor -> . FLOAT
    (104) arithmetic_factor -> . BOOLEAN
    (105) arithmetic_factor -> . STRING_LITERAL
    (106) arithmetic_factor -> . variable_reference
    (63) variable_reference -> . VAR_ACCESS
    (64) variable_reference -> . VAR_ACCESS DOT IDENTIFIER
    (65) variable_reference -> . VAR_ACCESS LBRACKET expression RBRACKET

    LBRACKET        shift and go to state 48
    LCURLY_BRACKET  shift and go to state 49
    NULL            shift and go to state 51
    LOGICAL_NOT     shift and go to state 62
    BITWISE_NOT     shift and go to state 63
    MINUS           shift and go to state 60
    LPAREN          shift and go to state 65
    INT             shift and go to state 67
    FLOAT           shift and go to state 68
    BOOLEAN         shift and go to state 69
    STRING_LITERAL  shift and go to state 70
    VAR_ACCESS      shift and go to state 72

    expression                     shift and go to state 120
    list                           shift and go to state 42
    map                            shift and go to state 43
    arithmetic_expr                shift and go to state 44
    null_value                     shift and go to state 45
    ternary_expression             shift and go to state 46
    null_coalesce_expression       shift and go to state 47
    logical_or_expression          shift and go to state 50
    logical_and_expression         shift and go to state 52
    bitwise_or_expression          shift and go to state 53
    bitwise_xor_expression         shift and go to state 54
    bitwise_and_expression         shift and go to state 55
    arith_comparison_expression    shift and go to state 56
    shift_expression               shift and go to state 57
    additive_expression            shift and go to state 58
    multiplicative_expression      shift and go to state 59
    unary_expression               shift and go to state 61
    primary_expression             shift and go to state 64
    arithmetic_factor              shift and go to state 66
    variable_reference             shift and go to state 71

state 66

    (101) primary_expression -> arithmetic_factor .

    DIV             reduce using rule 101 (primary_expression -> arithmetic_factor .)
    MOD             reduce using rule 101 (primary_expression -> arithmetic_factor .)
    RETRY           reduce using rule 101 (primary_expression -> arithmetic_factor .)
    PLUS            reduce using rule 101 (primary_expression -> arithmetic_factor .)
    MINUS           reduce using rule 101 (primary_expression -> arithmetic_factor .)
    LSHL            reduce using rule 101 (primary_expression -> arithmetic_factor .)
    LSHR            reduce using rule 101 (primary_expression -> arithmetic_factor .)
    ASHR            reduce using rule 101 (primary_expression -> arithmetic_factor .)
    EQ              reduce using rule 101 (primary_expression -> arithmetic_factor .)
    NE              reduce using rule 101 (primary_expression -> arithmetic_factor .)
    LANGLE          reduce using rule 101 (primary_expression -> arithmetic_factor .)
    RANGLE          reduce using rule 101 (primary_expression -> arithmetic_factor .)
    LE              reduce using rule 101 (primary_expression -> arithmetic_factor .)
    GE              reduce using rule 101 (primary_expression -> arithmetic_factor .)
    BITWISE_AND     reduce using rule 101 (primary_expression -> arithmetic_factor .)
    BITWISE_XOR     reduce using rule 101 (primary_expression -> arithmetic_factor .)
    BITWISE_OR      reduce using rule 101 (primary_expression -> arithmetic_factor .)
    LOGICAL_AND     reduce using rule 101 (primary_expression -> arithmetic_factor .)
    PARALLEL        reduce using rule 101 (primary_expression -> arithmetic_factor .)
    QUESTION        reduce using rule 101 (primary_expression -> arithmetic_factor .)
    NULLCOALESCE    reduce using rule 101 (primary_expression -> arithmetic_factor .)
    VAR_DECL        reduce using rule 101 (primary_expression -> arithmetic_factor .)
    LPAREN          reduce using rule 101 (primary_expression -> arithmetic_factor .)
    IDENTIFIER      reduce using rule 101 (primary_expression -> arithmetic_factor .)
    LCURLY_BRACKET  reduce using rule 101 (primary_expression -> arithmetic_factor .)
    MAP             reduce using rule 101 (primary_expression -> arithmetic_factor .)
    FILTER          reduce using rule 101 (primary_expression -> arithmetic_factor .)
    REDUCE          reduce using rule 101 (primary_expression -> arithmetic_factor .)
    FOREACH         reduce using rule 101 (primary_expression -> arithmetic_factor .)
    FLATMAP         reduce using rule 101 (primary_expression -> arithmetic_factor .)
    FANOUT          reduce using rule 101 (primary_expression -> arithmetic_factor .)
    $end            reduce using rule 101 (primary_expression -> arithmetic_factor .)
    RBRACKET        reduce using rule 101 (primary_expression -> arithmetic_factor .)
    SEPARATOR       reduce using rule 101 (primary_expression -> arithmetic_factor .)
    RPAREN          reduce using rule 101 (primary_expression -> arithmetic_factor .)
    COLON           reduce using rule 101 (primary_expression -> arithmetic_factor .)
    RCURLY_BRACKET  reduce using rule 101 (primary_expression -> arithmetic_factor .)


state 67

    (102) arithmetic_factor -> INT .

    DIV             reduce using rule 102 (arithmetic_factor -> INT .)
    MOD             reduce using rule 102 (arithmetic_factor -> INT .)
    RETRY           reduce using rule 102 (arithmetic_factor -> INT .)
    PLUS            reduce using rule 102 (arithmetic_factor -> INT .)
    MINUS           reduce using rule 102 (arithmetic_factor -> INT .)
    LSHL            reduce using rule 102 (arithmetic_factor -> INT .)
    LSHR            reduce using rule 102 (arithmetic_factor -> INT .)
    ASHR            reduce using rule 102 (arithmetic_factor -> INT .)
    EQ              reduce using rule 102 (arithmetic_factor -> INT .)
    NE              reduce using rule 102 (arithmetic_factor -> INT .)
    LANGLE          reduce using rule 102 (arithmetic_factor -> INT .)
    RANGLE          reduce using rule 102 (arithmetic_factor -> INT .)
    LE              reduce using rule 102 (arithmetic_factor -> INT .)
    GE              reduce using rule 102 (arithmetic_factor -> INT .)
    BITWISE_AND     reduce using rule 102 (arithmetic_factor -> INT .)
    BITWISE_XOR     reduce using rule 102 (arithmetic_factor -> INT .)
    BITWISE_OR      reduce using rule 102 (arithmetic_factor -> INT .)
    LOGICAL_AND     reduce using rule 102 (arithmetic_factor -> INT .)
    PARALLEL        reduce using rule 102 (arithmetic_factor -> INT .)
    QUESTION        reduce using rule 102 (arithmetic_factor -> INT .)
    NULLCOALESCE    reduce using rule 102 (arithmetic_factor -> INT .)
    VAR_DECL        reduce using rule 102 (arithmetic_factor -> INT .)
    LPAREN          reduce using rule 102 (arithmetic_factor -> INT .)
    IDENTIFIER      reduce using rule 102 (arithmetic_factor -> INT .)
    LCURLY_BRACKET  reduce using rule 102 (arithmetic_factor -> INT .)
    MAP             reduce using rule 102 (arithmetic_factor -> INT .)
    FILTER          reduce using rule 102 (arithmetic_factor -> INT .)
    REDUCE          reduce using rule 102 (arithmetic_factor -> INT .)
    FOREACH         reduce using rule 102 (arithmetic_factor -> INT .)
    FLATMAP         reduce using rule 102 (arithmetic_factor -> INT .)
    FANOUT          reduce using rule 102 (arithmetic_factor -> INT .)
    $end            reduce using rule 102 (arithmetic_factor -> INT .)
    RBRACKET        reduce using rule 102 (arithmetic_factor -> INT .)
    SEPARATOR       reduce using rule 102 (arithmetic_factor -> INT .)
    RPAREN          reduce using rule 102 (arithmetic_factor -> INT .)
    COLON           reduce using rule 102 (arithmetic_factor -> INT .)
    RCURLY_BRACKET  reduce using rule 102 (arithmetic_factor -> INT .)


state 68

    (103) arithmetic_factor -> FLOAT .

    DIV             reduce using rule 103 (arithmetic_factor -> FLOAT .)
    MOD             reduce using rule 103 (arithmetic_factor -> FLOAT .)
    RETRY           reduce using rule 103 (arithmetic_factor -> FLOAT .)
    PLUS            reduce using rule 103 (arithmetic_factor -> FLOAT .)
    MINUS           reduce using rule 103 (arithmetic_factor -> FLOAT .)
    LSHL            reduce using rule 103 (arithmetic_factor -> FLOAT .)
    LSHR            reduce using rule 103 (arithmetic_factor -> FLOAT .)
    ASHR            reduce using rule 103 (arithmetic_factor -> FLOAT .)
    EQ              reduce using rule 103 (arithmetic_factor -> FLOAT .)
    NE              reduce using rule 103 (arithmetic_factor -> FLOAT .)
    LANGLE          reduce using rule 103 (arithmetic_factor -> FLOAT .)
    RANGLE          reduce using rule 103 (arithmetic_factor -> FLOAT .)
    LE              reduce using rule 103 (arithmetic_factor -> FLOAT .)
    GE              reduce using rule 103 (arithmetic_factor -> FLOAT .)
    BITWISE_AND     reduce using rule 103 (arithmetic_factor -> FLOAT .)
    BITWISE_XOR     reduce using rule 103 (arithmetic_factor -> FLOAT .)
    BITWISE_OR      reduce using rule 103 (arithmetic_factor -> FLOAT .)
    LOGICAL_AND     reduce using rule 103 (arithmetic_factor -> FLOAT .)
    PARALLEL        reduce using rule 103 (arithmetic_factor -> FLOAT .)
    QUESTION        reduce using rule 103 (arithmetic_factor -> FLOAT .)
    NULLCOALESCE    reduce using rule 103 (arithmetic_factor -> FLOAT .)
    VAR_DECL        reduce using rule 103 (arithmetic_factor -> FLOAT .)
    LPAREN          reduce using rule 103 (arithmetic_factor -> FLOAT .)
    IDENTIFIER      reduce using rule 103 (arithmetic_factor -> FLOAT .)
    LCURLY_BRACKET  reduce using rule 103 (arithmetic_factor -> FLOAT .)
    MAP             reduce using rule 103 (arithmetic_factor -> FLOAT .)
    FILTER          reduce using rule 103 (arithmetic_factor -> FLOAT .)
    REDUCE          reduce using rule 103 (arithmetic_factor -> FLOAT .)
    FOREACH         reduce using rule 103 (arithmetic_factor -> FLOAT .)
    FLATMAP         reduce using rule 103 (arithmetic_factor -> FLOAT .)
    FANOUT          reduce using rule 103 (arithmetic_factor -> FLOAT .)
    $end            reduce using rule 103 (arithmetic_factor -> FLOAT .)
    RBRACKET        reduce using rule 103 (arithmetic_factor -> FLOAT .)
    SEPARATOR       reduce using rule 103 (arithmetic_factor -> FLOAT .)
    RPAREN          reduce using rule 103 (arithmetic_factor -> FLOAT .)
    COLON           reduce using rule 103 (arithmetic_factor -> FLOAT .)
    RCURLY_BRACKET  reduce using rule 103 (arithmetic_factor -> FLOAT .)


state 69

    (104) arithmetic_factor -> BOOLEAN .

    DIV             reduce using rule 104 (arithmetic_factor -> BOOLEAN .)
    MOD             reduce using rule 104 (arithmetic_factor -> BOOLEAN .)
    RETRY           reduce using rule 104 (arithmetic_factor -> BOOLEAN .)
    PLUS            reduce using rule 104 (arithmetic_factor -> BOOLEAN .)
    MINUS           reduce using rule 104 (arithmetic_factor -> BOOLEAN .)
    LSHL            reduce using rule 104 (arithmetic_factor -> BOOLEAN .)
    LSHR            reduce using rule 104 (arithmetic_factor -> BOOLEAN .)
    ASHR            reduce using rule 104 (arithmetic_factor -> BOOLEAN .)
    EQ              reduce using rule 104 (arithmetic_factor -> BOOLEAN .)
    NE              reduce using rule 104 (arithmetic_factor -> BOOLEAN .)
    LANGLE          reduce using rule 104 (arithmetic_factor -> BOOLEAN .)
    RANGLE          reduce using rule 104 (arithmetic_factor -> BOOLEAN .)
    LE              reduce using rule 104 (arithmetic_factor -> BOOLEAN .)
    GE              reduce using rule 104 (arithmetic_factor -> BOOLEAN .)
    BITWISE_AND     reduce using rule 104 (arithmetic_factor -> BOOLEAN .)
    BITWISE_XOR     reduce using rule 104 (arithmetic_factor -> BOOLEAN .)
    BITWISE_OR      reduce using rule 104 (arithmetic_factor -> BOOLEAN .)
    LOGICAL_AND     reduce using rule 104 (arithmetic_factor -> BOOLEAN .)
    PARALLEL        reduce using rule 104 (arithmetic_factor -> BOOLEAN .)
    QUESTION        reduce using rule 104 (arithmetic_factor -> BOOLEAN .)
    NULLCOALESCE    reduce using rule 104 (arithmetic_factor -> BOOLEAN .)
    VAR_DECL        reduce using rule 104 (arithmetic_factor -> BOOLEAN .)
    LPAREN          reduce using rule 104 (arithmetic_factor -> BOOLEAN .)
    IDENTIFIER      reduce using rule 104 (arithmetic_factor -> BOOLEAN .)
    LCURLY_BRACKET  reduce using rule 104 (arithmetic_factor -> BOOLEAN .)
    MAP             reduce using rule 104 (arithmetic_factor -> BOOLEAN .)
    FILTER          reduce using rule 104 (arithmetic_factor -> BOOLEAN .)
    REDUCE          reduce using rule 104 (arithmetic_factor -> BOOLEAN .)
    FOREACH         reduce using rule 104 (arithmetic_factor -> BOOLEAN .)
    FLATMAP         reduce using rule 104 (arithmetic_factor -> BOOLEAN .)
    FANOUT          reduce using rule 104 (arithmetic_factor -> BOOLEAN .)
    $end            reduce using rule 104 (arithmetic_factor -> BOOLEAN .)
    RBRACKET        reduce using rule 104 (arithmetic_factor -> BOOLEAN .)
    SEPARATOR       reduce using rule 104 (arithmetic_factor -> BOOLEAN .)
    RPAREN          reduce using rule 104 (arithmetic_factor -> BOOLEAN .)
    COLON           reduce using rule 104 (arithmetic_factor -> BOOLEAN .)
    RCURLY_BRACKET  reduce using rule 104 (arithmetic_factor -> BOOLEAN .)


state 70

    (105) arithmetic_factor -> STRING_LITERAL .

    DIV             reduce using rule 105 (arithmetic_factor -> STRING_LITERAL .)
    MOD             reduce using rule 105 (arithmetic_factor -> STRING_LITERAL .)
    RETRY           reduce using rule 105 (arithmetic_factor -> STRING_LITERAL .)
    PLUS            reduce using rule 105 (arithmetic_factor -> STRING_LITERAL .)
    MINUS           reduce using rule 105 (arithmetic_factor -> STRING_LITERAL .)
    LSHL            reduce using rule 105 (arithmetic_factor -> STRING_LITERAL .)
    LSHR            reduce using rule 105 (arithmetic_factor -> STRING_LITERAL .)
    ASHR            reduce using rule 105 (arithmetic_factor -> STRING_LITERAL .)
    EQ              reduce using rule 105 (arithmetic_factor -> STRING_LITERAL .)
    NE              reduce using rule 105 (arithmetic_factor -> STRING_LITERAL .)
    LANGLE          reduce using rule 105 (arithmetic_factor -> STRING_LITERAL .)
    RANGLE          reduce using rule 105 (arithmetic_factor -> STRING_LITERAL .)
    LE              reduce using rule 105 (arithmetic_factor -> STRING_LITERAL .)
    GE              reduce using rule 105 (arithmetic_factor -> STRING_LITERAL .)
    BITWISE_AND     reduce using rule 105 (arithmetic_factor -> STRING_LITERAL .)
    BITWISE_XOR     reduce using rule 105 (arithmetic_factor -> STRING_LITERAL .)
    BITWISE_OR      reduce using rule 105 (arithmetic_factor -> STRING_LITERAL .)
    LOGICAL_AND     reduce using rule 105 (arithmetic_factor -> STRING_LITERAL .)
    PARALLEL        reduce using rule 105 (arithmetic_factor -> STRING_LITERAL .)
    QUESTION        reduce using rule 105 (arithmetic_factor -> STRING_LITERAL .)
    NULLCOALESCE    reduce using rule 105 (arithmetic_factor -> STRING_LITERAL .)
    VAR_DECL        reduce using rule 105 (arithmetic_factor -> STRING_LITERAL .)
    LPAREN          reduce using rule 105 (arithmetic_factor -> STRING_LITERAL .)
    IDENTIFIER      reduce using rule 105 (arithmetic_factor -> STRING_LITERAL .)
    LCURLY_BRACKET  reduce using rule 105 (arithmetic_factor -> STRING_LITERAL .)
    MAP             reduce using rule 105 (arithmetic_factor -> STRING_LITERAL .)
    FILTER          reduce using rule 105 (arithmetic_factor -> STRING_LITERAL .)
    REDUCE          reduce using rule 105 (arithmetic_factor -> STRING_LITERAL .)
    FOREACH         reduce using rule 105 (arithmetic_factor -> STRING_LITERAL .)
    FLATMAP         reduce using rule 105 (arithmetic_factor -> STRING_LITERAL .)
    FANOUT          reduce using rule 105 (arithmetic_factor -> STRING_LITERAL .)
    $end            reduce using rule 105 (arithmetic_factor -> STRING_LITERAL .)
    RBRACKET        reduce using rule 105 (arithmetic_factor -> STRING_LITERAL .)
    SEPARATOR       reduce using rule 105 (arithmetic_factor -> STRING_LITERAL .)
    RPAREN          reduce using rule 105 (arithmetic_factor -> STRING_LITERAL .)
    COLON           reduce using rule 105 (arithmetic_factor -> STRING_LITERAL .)
    RCURLY_BRACKET  reduce using rule 105 (arithmetic_factor -> STRING_LITERAL .)


state 71

    (106) arithmetic_factor -> variable_reference .

    DIV             reduce using rule 106 (arithmetic_factor -> variable_reference .)
    MOD             reduce using rule 106 (arithmetic_factor -> variable_reference .)
    RETRY           reduce using rule 106 (arithmetic_factor -> variable_reference .)
    PLUS            reduce using rule 106 (arithmetic_factor -> variable_reference .)
    MINUS           reduce using rule 106 (arithmetic_factor -> variable_reference .)
    LSHL            reduce using rule 106 (arithmetic_factor -> variable_reference .)
    LSHR            reduce using rule 106 (arithmetic_factor -> variable_reference .)
    ASHR            reduce using rule 106 (arithmetic_factor -> variable_reference .)
    EQ              reduce using rule 106 (arithmetic_factor -> variable_reference .)
    NE              reduce using rule 106 (arithmetic_factor -> variable_reference .)
    LANGLE          reduce using rule 106 (arithmetic_factor -> variable_reference .)
    RANGLE          reduce using rule 106 (arithmetic_factor -> variable_reference .)
    LE              reduce using rule 106 (arithmetic_factor -> variable_reference .)
    GE              reduce using rule 106 (arithmetic_factor -> variable_reference .)
    BITWISE_AND     reduce using rule 106 (arithmetic_factor -> variable_reference .)
    BITWISE_XOR     reduce using rule 106 (arithmetic_factor -> variable_reference .)
    BITWISE_OR      reduce using rule 106 (arithmetic_factor -> variable_reference .)
    LOGICAL_AND     reduce using rule 106 (arithmetic_factor -> variable_reference .)
    PARALLEL        reduce using rule 106 (arithmetic_factor -> variable_reference .)
    QUESTION        reduce using rule 106 (arithmetic_factor -> variable_reference .)
    NULLCOALESCE    reduce using rule 106 (arithmetic_factor -> variable_reference .)
    VAR_DECL        reduce using rule 106 (arithmetic_factor -> variable_reference .)
    LPAREN          reduce using rule 106 (arithmetic_factor -> variable_reference .)
    IDENTIFIER      reduce using rule 106 (arithmetic_factor -> variable_reference .)
    LCURLY_BRACKET  reduce using rule 106 (arithmetic_factor -> variable_reference .)
    MAP             reduce using rule 106 (arithmetic_factor -> variable_reference .)
    FILTER          reduce using rule 106 (arithmetic_factor -> variable_reference .)
    REDUCE          reduce using rule 106 (arithmetic_factor -> variable_reference .)
    FOREACH         reduce using rule 106 (arithmetic_factor -> variable_reference .)
    FLATMAP         reduce using rule 106 (arithmetic_factor -> variable_reference .)
    FANOUT          reduce using rule 106 (arithmetic_factor -> variable_reference .)
    $end            reduce using rule 106 (arithmetic_factor -> variable_reference .)
    RBRACKET        reduce using rule 106 (arithmetic_factor -> variable_reference .)
    SEPARATOR       reduce using rule 106 (arithmetic_factor -> variable_reference .)
    RPAREN          reduce using rule 106 (arithmetic_factor -> variable_reference .)
    COLON           reduce using rule 106 (arithmetic_factor -> variable_reference .)
    RCURLY_BRACKET  reduce using rule 106 (arithmetic_factor -> variable_reference .)


state 72

    (63) variable_reference -> VAR_ACCESS .
    (64) variable_reference -> VAR_ACCESS . DOT IDENTIFIER
    (65) variable_reference -> VAR_ACCESS . LBRACKET expression RBRACKET

    DIV             reduce using rule 63 (variable_reference -> VAR_ACCESS .)
    MOD             reduce using rule 63 (variable_reference -> VAR_ACCESS .)
    RETRY           reduce using rule 63 (variable_reference -> VAR_ACCESS .)
    PLUS            reduce using rule 63 (variable_reference -> VAR_ACCESS .)
    MINUS           reduce using rule 63 (variable_reference -> VAR_ACCESS .)
    LSHL            reduce using rule 63 (variable_reference -> VAR_ACCESS .)
    LSHR            reduce using rule 63 (variable_reference -> VAR_ACCESS .)
    ASHR            reduce using rule 63 (variable_reference -> VAR_ACCESS .)
    EQ              reduce using rule 63 (variable_reference -> VAR_ACCESS .)
    NE              reduce using rule 63 (variable_reference -> VAR_ACCESS .)
    LANGLE          reduce using rule 63 (variable_reference -> VAR_ACCESS .)
    RANGLE          reduce using rule 63 (variable_reference -> VAR_ACCESS .)
    LE              reduce using rule 63 (variable_reference -> VAR_ACCESS .)
    GE              reduce using rule 63 (variable_reference -> VAR_ACCESS .)
    BITWISE_AND     reduce using rule 63 (variable_reference -> VAR_ACCESS .)
    BITWISE_XOR     reduce using rule 63 (variable_reference -> VAR_ACCESS .)
    BITWISE_OR      reduce using rule 63 (variable_reference -> VAR_ACCESS .)
    LOGICAL_AND     reduce using rule 63 (variable_reference -> VAR_ACCESS .)
    PARALLEL        reduce using rule 63 (variable_reference -> VAR_ACCESS .)
    QUESTION        reduce using rule 63 (variable_reference -> VAR_ACCESS .)
    NULLCOALESCE    reduce using rule 63 (variable_reference -> VAR_ACCESS .)
    VAR_DECL        reduce using rule 63 (variable_reference -> VAR_ACCESS .)
    LPAREN          reduce using rule 63 (variable_reference -> VAR_ACCESS .)
    IDENTIFIER      reduce using rule 63 (variable_reference -> VAR_ACCESS .)
    LCURLY_BRACKET  reduce using rule 63 (variable_reference -> VAR_ACCESS .)
    MAP             reduce using rule 63 (variable_reference -> VAR_ACCESS .)
    FILTER          reduce using rule 63 (variable_reference -> VAR_ACCESS .)
    REDUCE          reduce using rule 63 (variable_reference -> VAR_ACCESS .)
    FOREACH         reduce using rule 63 (variable_reference -> VAR_ACCESS .)
    FLATMAP         reduce using rule 63 (variable_reference -> VAR_ACCESS .)
    FANOUT          reduce using rule 63 (variable_reference -> VAR_ACCESS .)
    $end            reduce using rule 63 (variable_reference -> VAR_ACCESS .)
    RBRACKET        reduce using rule 63 (variable_reference -> VAR_ACCESS .)
    SEPARATOR       reduce using rule 63 (variable_reference -> VAR_ACCESS .)
    RPAREN          reduce using rule 63 (variable_reference -> VAR_ACCESS .)
    COLON           reduce using rule 63 (variable_reference -> VAR_ACCESS .)
    RCURLY_BRACKET  reduce using rule 63 (variable_reference -> VAR_ACCESS .)
    DOT             shift and go to state 121
    LBRACKET        shift and go to state 122


state 73

    (44) directive -> VAR_DECL COLON expression .
    (43) null_coalesce_expression -> expression . NULLCOALESCE expression

    VAR_DECL        reduce using rule 44 (directive -> VAR_DECL COLON expression .)
    LPAREN          reduce using rule 44 (directive -> VAR_DECL COLON expression .)
    IDENTIFIER      reduce using rule 44 (directive -> VAR_DECL COLON expression .)
    LCURLY_BRACKET  reduce using rule 44 (directive -> VAR_DECL COLON expression .)
    MAP             reduce using rule 44 (directive -> VAR_DECL COLON expression .)
    FILTER          reduce using rule 44 (directive -> VAR_DECL COLON expression .)
    REDUCE          reduce using rule 44 (directive -> VAR_DECL COLON expression .)
    FOREACH         reduce using rule 44 (directive -> VAR_DECL COLON expression .)
    FLATMAP         reduce using rule 44 (directive -> VAR_DECL COLON expression .)
    FANOUT          reduce using rule 44 (directive -> VAR_DECL COLON expression .)
    $end            reduce using rule 44 (directive -> VAR_DECL COLON expression .)
    NULLCOALESCE    shift and go to state 89


state 74

    (15) chain -> chain POINTER retry .

    POINTER         reduce using rule 15 (chain -> chain POINTER retry .)
    PPOINTER        reduce using rule 15 (chain -> chain POINTER retry .)
    PARALLEL        reduce using rule 15 (chain -> chain POINTER retry .)
    VAR_DECL        reduce using rule 15 (chain -> chain POINTER retry .)
    LPAREN          reduce using rule 15 (chain -> chain POINTER retry .)
    IDENTIFIER      reduce using rule 15 (chain -> chain POINTER retry .)
    LCURLY_BRACKET  reduce using rule 15 (chain -> chain POINTER retry .)
    MAP             reduce using rule 15 (chain -> chain POINTER retry .)
    FILTER          reduce using rule 15 (chain -> chain POINTER retry .)
    REDUCE          reduce using rule 15 (chain -> chain POINTER retry .)
    FOREACH         reduce using rule 15 (chain -> chain POINTER retry .)
    FLATMAP         reduce using rule 15 (chain -> chain POINTER retry .)
    FANOUT          reduce using rule 15 (chain -> chain POINTER retry .)
    $end            reduce using rule 15 (chain -> chain POINTER retry .)
    RPAREN          reduce using rule 15 (chain -> chain POINTER retry .)
    RCURLY_BRACKET  reduce using rule 15 (chain -> chain POINTER retry .)
    SEPARATOR       reduce using rule 15 (chain -> chain POINTER retry .)


state 75

    (16) chain -> chain PPOINTER retry .

    POINTER         reduce using rule 16 (chain -> chain PPOINTER retry .)
    PPOINTER        reduce using rule 16 (chain -> chain PPOINTER retry .)
    PARALLEL        reduce using rule 16 (chain -> chain PPOINTER retry .)
    VAR_DECL        reduce using rule 16 (chain -> chain PPOINTER retry .)
    LPAREN          reduce using rule 16 (chain -> chain PPOINTER retry .)
    IDENTIFIER      reduce using rule 16 (chain -> chain PPOINTER retry .)
    LCURLY_BRACKET  reduce using rule 16 (chain -> chain PPOINTER retry .)
    MAP             reduce using rule 16 (chain -> chain PPOINTER retry .)
    FILTER          reduce using rule 16 (chain -> chain PPOINTER retry .)
    REDUCE          reduce using rule 16 (chain -> chain PPOINTER retry .)
    FOREACH         reduce using rule 16 (chain -> chain PPOINTER retry .)
    FLATMAP         reduce using rule 16 (chain -> chain PPOINTER retry .)
    FANOUT          reduce using rule 16 (chain -> chain PPOINTER retry .)
    $end            reduce using rule 16 (chain -> chain PPOINTER retry .)
    RPAREN          reduce using rule 16 (chain -> chain PPOINTER retry .)
    RCURLY_BRACKET  reduce using rule 16 (chain -> chain PPOINTER retry .)
    SEPARATOR       reduce using rule 16 (chain -> chain PPOINTER retry .)


state 76

    (17) chain -> chain PARALLEL retry .

    POINTER         reduce using rule 17 (chain -> chain PARALLEL retry .)
    PPOINTER        reduce using rule 17 (chain -> chain PARALLEL retry .)
    PARALLEL        reduce using rule 17 (chain -> chain PARALLEL retry .)
    VAR_DECL        reduce using rule 17 (chain -> chain PARALLEL retry .)
    LPAREN          reduce using rule 17 (chain -> chain PARALLEL retry .)
    IDENTIFIER      reduce using rule 17 (chain -> chain PARALLEL retry .)
    LCURLY_BRACKET  reduce using rule 17 (chain -> chain PARALLEL retry .)
    MAP             reduce using rule 17 (chain -> chain PARALLEL retry .)
    FILTER          reduce using rule 17 (chain -> chain PARALLEL retry .)
    REDUCE          reduce using rule 17 (chain -> chain PARALLEL retry .)
    FOREACH         reduce using rule 17 (chain -> chain PARALLEL retry .)
    FLATMAP         reduce using rule 17 (chain -> chain PARALLEL retry .)
    FANOUT          reduce using rule 17 (chain -> chain PARALLEL retry .)
    $end            reduce using rule 17 (chain -> chain PARALLEL retry .)
    RPAREN          reduce using rule 17 (chain -> chain PARALLEL retry .)
    RCURLY_BRACKET  reduce using rule 17 (chain -> chain PARALLEL retry .)
    SEPARATOR       reduce using rule 17 (chain -> chain PARALLEL retry .)


state 77

    (9) conditional -> meta LPAREN branch_list . RPAREN
    (11) branch_list -> branch_list . SEPARATOR branch

    RPAREN          shift and go to state 123
    SEPARATOR       shift and go to state 124


state 78

    (10) branch_list -> branch .

    RPAREN          reduce using rule 10 (branch_list -> branch .)
    SEPARATOR       reduce using rule 10 (branch_list -> branch .)


state 79

    (12) branch -> descriptor . POINTER chain
    (13) branch -> descriptor . PPOINTER chain

    POINTER         shift and go to state 125
    PPOINTER        shift and go to state 126


state 80

    (66) descriptor -> INT .

    POINTER         reduce using rule 66 (descriptor -> INT .)
    PPOINTER        reduce using rule 66 (descriptor -> INT .)


state 81

    (24) retry -> task RETRY INT .

    POINTER         reduce using rule 24 (retry -> task RETRY INT .)
    PPOINTER        reduce using rule 24 (retry -> task RETRY INT .)
    PARALLEL        reduce using rule 24 (retry -> task RETRY INT .)
    VAR_DECL        reduce using rule 24 (retry -> task RETRY INT .)
    LPAREN          reduce using rule 24 (retry -> task RETRY INT .)
    IDENTIFIER      reduce using rule 24 (retry -> task RETRY INT .)
    LCURLY_BRACKET  reduce using rule 24 (retry -> task RETRY INT .)
    MAP             reduce using rule 24 (retry -> task RETRY INT .)
    FILTER          reduce using rule 24 (retry -> task RETRY INT .)
    REDUCE          reduce using rule 24 (retry -> task RETRY INT .)
    FOREACH         reduce using rule 24 (retry -> task RETRY INT .)
    FLATMAP         reduce using rule 24 (retry -> task RETRY INT .)
    FANOUT          reduce using rule 24 (retry -> task RETRY INT .)
    $end            reduce using rule 24 (retry -> task RETRY INT .)
    RPAREN          reduce using rule 24 (retry -> task RETRY INT .)
    RCURLY_BRACKET  reduce using rule 24 (retry -> task RETRY INT .)
    SEPARATOR       reduce using rule 24 (retry -> task RETRY INT .)


state 82

    (22) meta -> LPAREN chain RPAREN .

    LPAREN          reduce using rule 22 (meta -> LPAREN chain RPAREN .)
    POINTER         reduce using rule 22 (meta -> LPAREN chain RPAREN .)
    PPOINTER        reduce using rule 22 (meta -> LPAREN chain RPAREN .)
    PARALLEL        reduce using rule 22 (meta -> LPAREN chain RPAREN .)
    VAR_DECL        reduce using rule 22 (meta -> LPAREN chain RPAREN .)
    IDENTIFIER      reduce using rule 22 (meta -> LPAREN chain RPAREN .)
    LCURLY_BRACKET  reduce using rule 22 (meta -> LPAREN chain RPAREN .)
    MAP             reduce using rule 22 (meta -> LPAREN chain RPAREN .)
    FILTER          reduce using rule 22 (meta -> LPAREN chain RPAREN .)
    REDUCE          reduce using rule 22 (meta -> LPAREN chain RPAREN .)
    FOREACH         reduce using rule 22 (meta -> LPAREN chain RPAREN .)
    FLATMAP         reduce using rule 22 (meta -> LPAREN chain RPAREN .)
    FANOUT          reduce using rule 22 (meta -> LPAREN chain RPAREN .)
    $end            reduce using rule 22 (meta -> LPAREN chain RPAREN .)
    RPAREN          reduce using rule 22 (meta -> LPAREN chain RPAREN .)
    RCURLY_BRACKET  reduce using rule 22 (meta -> LPAREN chain RPAREN .)
    SEPARATOR       reduce using rule 22 (meta -> LPAREN chain RPAREN .)


state 83

    (26) task -> IDENTIFIER DOUBLE_COLON IDENTIFIER . attribute_list
    (27) attribute_list -> . LBRACKET attribute_list_items RBRACKET
    (28) attribute_list -> . empty
    (61) empty -> .

    LBRACKET        shift and go to state 37
    RETRY           reduce using rule 61 (empty -> .)
    LPAREN          reduce using rule 61 (empty -> .)
    POINTER         reduce using rule 61 (empty -> .)
    PPOINTER        reduce using rule 61 (empty -> .)
    PARALLEL        reduce using rule 61 (empty -> .)
    VAR_DECL        reduce using rule 61 (empty -> .)
    IDENTIFIER      reduce using rule 61 (empty -> .)
    LCURLY_BRACKET  reduce using rule 61 (empty -> .)
    MAP             reduce using rule 61 (empty -> .)
    FILTER          reduce using rule 61 (empty -> .)
    REDUCE          reduce using rule 61 (empty -> .)
    FOREACH         reduce using rule 61 (empty -> .)
    FLATMAP         reduce using rule 61 (empty -> .)
    FANOUT          reduce using rule 61 (empty -> .)
    $end            reduce using rule 61 (empty -> .)
    RPAREN          reduce using rule 61 (empty -> .)
    RCURLY_BRACKET  reduce using rule 61 (empty -> .)
    SEPARATOR       reduce using rule 61 (empty -> .)

    attribute_list                 shift and go to state 127
    empty                          shift and go to state 38

state 84

    (27) attribute_list -> LBRACKET attribute_list_items . RBRACKET
    (30) attribute_list_items -> attribute_list_items . SEPARATOR attribute

    RBRACKET        shift and go to state 128
    SEPARATOR       shift and go to state 129


state 85

    (29) attribute_list_items -> attribute .

    RBRACKET        reduce using rule 29 (attribute_list_items -> attribute .)
    SEPARATOR       reduce using rule 29 (attribute_list_items -> attribute .)


state 86

    (31) attribute -> IDENTIFIER . ASSIGN expression

    ASSIGN          shift and go to state 130


state 87

    (32) meta_task -> mode LANGLE IDENTIFIER . RANGLE attribute_list
    (33) meta_task -> mode LANGLE IDENTIFIER . DOUBLE_COLON IDENTIFIER RANGLE attribute_list

    RANGLE          shift and go to state 131
    DOUBLE_COLON    shift and go to state 132


state 88

    (40) grouped -> LCURLY_BRACKET chain RCURLY_BRACKET .
    (41) grouped -> LCURLY_BRACKET chain RCURLY_BRACKET . attribute_list
    (27) attribute_list -> . LBRACKET attribute_list_items RBRACKET
    (28) attribute_list -> . empty
    (61) empty -> .

  ! reduce/reduce conflict for LPAREN resolved using rule 40 (grouped -> LCURLY_BRACKET chain RCURLY_BRACKET .)
  ! reduce/reduce conflict for POINTER resolved using rule 40 (grouped -> LCURLY_BRACKET chain RCURLY_BRACKET .)
  ! reduce/reduce conflict for PPOINTER resolved using rule 40 (grouped -> LCURLY_BRACKET chain RCURLY_BRACKET .)
  ! reduce/reduce conflict for PARALLEL resolved using rule 40 (grouped -> LCURLY_BRACKET chain RCURLY_BRACKET .)
  ! reduce/reduce conflict for VAR_DECL resolved using rule 40 (grouped -> LCURLY_BRACKET chain RCURLY_BRACKET .)
  ! reduce/reduce conflict for IDENTIFIER resolved using rule 40 (grouped -> LCURLY_BRACKET chain RCURLY_BRACKET .)
  ! reduce/reduce conflict for LCURLY_BRACKET resolved using rule 40 (grouped -> LCURLY_BRACKET chain RCURLY_BRACKET .)
  ! reduce/reduce conflict for MAP resolved using rule 40 (grouped -> LCURLY_BRACKET chain RCURLY_BRACKET .)
  ! reduce/reduce conflict for FILTER resolved using rule 40 (grouped -> LCURLY_BRACKET chain RCURLY_BRACKET .)
  ! reduce/reduce conflict for REDUCE resolved using rule 40 (grouped -> LCURLY_BRACKET chain RCURLY_BRACKET .)
  ! reduce/reduce conflict for FOREACH resolved using rule 40 (grouped -> LCURLY_BRACKET chain RCURLY_BRACKET .)
  ! reduce/reduce conflict for FLATMAP resolved using rule 40 (grouped -> LCURLY_BRACKET chain RCURLY_BRACKET .)
  ! reduce/reduce conflict for FANOUT resolved using rule 40 (grouped -> LCURLY_BRACKET chain RCURLY_BRACKET .)
  ! reduce/reduce conflict for $end resolved using rule 40 (grouped -> LCURLY_BRACKET chain RCURLY_BRACKET .)
  ! reduce/reduce conflict for RPAREN resolved using rule 40 (grouped -> LCURLY_BRACKET chain RCURLY_BRACKET .)
  ! reduce/reduce conflict for RCURLY_BRACKET resolved using rule 40 (grouped -> LCURLY_BRACKET chain RCURLY_BRACKET .)
  ! reduce/reduce conflict for SEPARATOR resolved using rule 40 (grouped -> LCURLY_BRACKET chain RCURLY_BRACKET .)
    LPAREN          reduce using rule 40 (grouped -> LCURLY_BRACKET chain RCURLY_BRACKET .)
    POINTER         reduce using rule 40 (grouped -> LCURLY_BRACKET chain RCURLY_BRACKET .)
    PPOINTER        reduce using rule 40 (grouped -> LCURLY_BRACKET chain RCURLY_BRACKET .)
    PARALLEL        reduce using rule 40 (grouped -> LCURLY_BRACKET chain RCURLY_BRACKET .)
    VAR_DECL        reduce using rule 40 (grouped -> LCURLY_BRACKET chain RCURLY_BRACKET .)
    IDENTIFIER      reduce using rule 40 (grouped -> LCURLY_BRACKET chain RCURLY_BRACKET .)
    LCURLY_BRACKET  reduce using rule 40 (grouped -> LCURLY_BRACKET chain RCURLY_BRACKET .)
    MAP             reduce using rule 40 (grouped -> LCURLY_BRACKET chain RCURLY_BRACKET .)
    FILTER          reduce using rule 40 (grouped -> LCURLY_BRACKET chain RCURLY_BRACKET .)
    REDUCE          reduce using rule 40 (grouped -> LCURLY_BRACKET chain RCURLY_BRACKET .)
    FOREACH         reduce using rule 40 (grouped -> LCURLY_BRACKET chain RCURLY_BRACKET .)
    FLATMAP         reduce using rule 40 (grouped -> LCURLY_BRACKET chain RCURLY_BRACKET .)
    FANOUT          reduce using rule 40 (grouped -> LCURLY_BRACKET chain RCURLY_BRACKET .)
    $end            reduce using rule 40 (grouped -> LCURLY_BRACKET chain RCURLY_BRACKET .)
    RPAREN          reduce using rule 40 (grouped -> LCURLY_BRACKET chain RCURLY_BRACKET .)
    RCURLY_BRACKET  reduce using rule 40 (grouped -> LCURLY_BRACKET chain RCURLY_BRACKET .)
    SEPARATOR       reduce using rule 40 (grouped -> LCURLY_BRACKET chain RCURLY_BRACKET .)
    LBRACKET        shift and go to state 37

  ! LPAREN          [ reduce using rule 61 (empty -> .) ]
  ! POINTER         [ reduce using rule 61 (empty -> .) ]
  ! PPOINTER        [ reduce using rule 61 (empty -> .) ]
  ! PARALLEL        [ reduce using rule 61 (empty -> .) ]
  ! VAR_DECL        [ reduce using rule 61 (empty -> .) ]
  ! IDENTIFIER      [ reduce using rule 61 (empty -> .) ]
  ! LCURLY_BRACKET  [ reduce using rule 61 (empty -> .) ]
  ! MAP             [ reduce using rule 61 (empty -> .) ]
  ! FILTER          [ reduce using rule 61 (empty -> .) ]
  ! REDUCE          [ reduce using rule 61 (empty -> .) ]
  ! FOREACH         [ reduce using rule 61 (empty -> .) ]
  ! FLATMAP         [ reduce using rule 61 (empty -> .) ]
  ! FANOUT          [ reduce using rule 61 (empty -> .) ]
  ! $end            [ reduce using rule 61 (empty -> .) ]
  ! RPAREN          [ reduce using rule 61 (empty -> .) ]
  ! RCURLY_BRACKET  [ reduce using rule 61 (empty -> .) ]
  ! SEPARATOR       [ reduce using rule 61 (empty -> .) ]

    attribute_list                 shift and go to state 133
    empty                          shift and go to state 38

state 89

    (43) null_coalesce_expression -> expression NULLCOALESCE . expression
    (46) expression -> . list
    (47) expression -> . map
    (48) expression -> . arithmetic_expr
    (49) expression -> . null_value
    (50) expression -> . ternary_expression
    (51) expression -> . null_coalesce_expression
    (57) list -> . LBRACKET list_elements RBRACKET
    (52) map -> . LCURLY_BRACKET map_entries RCURLY_BRACKET
    (67) arithmetic_expr -> . logical_or_expression
    (62) null_value -> . NULL
    (42) ternary_expression -> . arithmetic_expr QUESTION expression COLON expression
    (43) null_coalesce_expression -> . expression NULLCOALESCE expression
    (68) logical_or_expression -> . logical_or_expression PARALLEL logical_and_expression
    (69) logical_or_expression -> . logical_and_expression
    (70) logical_and_expression -> . logical_and_expression LOGICAL_AND bitwise_or_expression
    (71) logical_and_expression -> . bitwise_or_expression
    (72) bitwise_or_expression -> . bitwise_or_expression BITWISE_OR bitwise_xor_expression
    (73) bitwise_or_expression -> . bitwise_xor_expression
    (74) bitwise_xor_expression -> . bitwise_xor_expression BITWISE_XOR bitwise_and_expression
    (75) bitwise_xor_expression -> . bitwise_and_expression
    (76) bitwise_and_expression -> . bitwise_and_expression BITWISE_AND arith_comparison_expression
    (77) bitwise_and_expression -> . arith_comparison_expression
    (78) arith_comparison_expression -> . arith_comparison_expression EQ shift_expression
    (79) arith_comparison_expression -> . arith_comparison_expression NE shift_expression
    (80) arith_comparison_expression -> . arith_comparison_expression LANGLE shift_expression
    (81) arith_comparison_expression -> . arith_comparison_expression RANGLE shift_expression
    (82) arith_comparison_expression -> . arith_comparison_expression LE shift_expression
    (83) arith_comparison_expression -> . arith_comparison_expression GE shift_expression
    (84) arith_comparison_expression -> . shift_expression
    (85) shift_expression -> . shift_expression LSHL additive_expression
    (86) shift_expression -> . shift_expression LSHR additive_expression
    (87) shift_expression -> . shift_expression ASHR additive_expression
    (88) shift_expression -> . additive_expression
    (89) additive_expression -> . additive_expression PLUS multiplicative_expression
    (90) additive_expression -> . additive_expression MINUS multiplicative_expression
    (91) additive_expression -> . multiplicative_expression
    (92) multiplicative_expression -> . multiplicative_expression DIV unary_expression
    (93) multiplicative_expression -> . multiplicative_expression MOD unary_expression
    (94) multiplicative_expression -> . multiplicative_expression RETRY unary_expression
    (95) multiplicative_expression -> . unary_expression
    (96) unary_expression -> . LOGICAL_NOT unary_expression
    (97) unary_expression -> . BITWISE_NOT unary_expression
    (98) unary_expression -> . MINUS unary_expression
    (99) unary_expression -> . primary_expression
    (100) primary_expression -> . LPAREN expression RPAREN
    (101) primary_expression -> . arithmetic_factor
    (102) arithmetic_factor -> . INT
    (103) arithmetic_factor -> . FLOAT
    (104) arithmetic_factor -> . BOOLEAN
    (105) arithmetic_factor -> . STRING_LITERAL
    (106) arithmetic_factor -> . variable_reference
    (63) variable_reference -> . VAR_ACCESS
    (64) variable_reference -> . VAR_ACCESS DOT IDENTIFIER
    (65) variable_reference -> . VAR_ACCESS LBRACKET expression RBRACKET

    LBRACKET        shift and go to state 48
    LCURLY_BRACKET  shift and go to state 49
    NULL            shift and go to state 51
    LOGICAL_NOT     shift and go to state 62
    BITWISE_NOT     shift and go to state 63
    MINUS           shift and go to state 60
    LPAREN          shift and go to state 65
    INT             shift and go to state 67
    FLOAT           shift and go to state 68
    BOOLEAN         shift and go to state 69
    STRING_LITERAL  shift and go to state 70
    VAR_ACCESS      shift and go to state 72

    expression                     shift and go to state 134
    list                           shift and go to state 42
    map                            shift and go to state 43
    arithmetic_expr                shift and go to state 44
    null_value                     shift and go to state 45
    ternary_expression             shift and go to state 46
    null_coalesce_expression       shift and go to state 47
    logical_or_expression          shift and go to state 50
    logical_and_expression         shift and go to state 52
    bitwise_or_expression          shift and go to state 53
    bitwise_xor_expression         shift and go to state 54
    bitwise_and_expression         shift and go to state 55
    arith_comparison_expression    shift and go to state 56
    shift_expression               shift and go to state 57
    additive_expression            shift and go to state 58
    multiplicative_expression      shift and go to state 59
    unary_expression               shift and go to state 61
    primary_expression             shift and go to state 64
    arithmetic_factor              shift and go to state 66
    variable_reference             shift and go to state 71

state 90

    (42) ternary_expression -> arithmetic_expr QUESTION . expression COLON expression
    (46) expression -> . list
    (47) expression -> . map
    (48) expression -> . arithmetic_expr
    (49) expression -> . null_value
    (50) expression -> . ternary_expression
    (51) expression -> . null_coalesce_expression
    (57) list -> . LBRACKET list_elements RBRACKET
    (52) map -> . LCURLY_BRACKET map_entries RCURLY_BRACKET
    (67) arithmetic_expr -> . logical_or_expression
    (62) null_value -> . NULL
    (42) ternary_expression -> . arithmetic_expr QUESTION expression COLON expression
    (43) null_coalesce_expression -> . expression NULLCOALESCE expression
    (68) logical_or_expression -> . logical_or_expression PARALLEL logical_and_expression
    (69) logical_or_expression -> . logical_and_expression
    (70) logical_and_expression -> . logical_and_expression LOGICAL_AND bitwise_or_expression
    (71) logical_and_expression -> . bitwise_or_expression
    (72) bitwise_or_expression -> . bitwise_or_expression BITWISE_OR bitwise_xor_expression
    (73) bitwise_or_expression -> . bitwise_xor_expression
    (74) bitwise_xor_expression -> . bitwise_xor_expression BITWISE_XOR bitwise_and_expression
    (75) bitwise_xor_expression -> . bitwise_and_expression
    (76) bitwise_and_expression -> . bitwise_and_expression BITWISE_AND arith_comparison_expression
    (77) bitwise_and_expression -> . arith_comparison_expression
    (78) arith_comparison_expression -> . arith_comparison_expression EQ shift_expression
    (79) arith_comparison_expression -> . arith_comparison_expression NE shift_expression
    (80) arith_comparison_expression -> . arith_comparison_expression LANGLE shift_expression
    (81) arith_comparison_expression -> . arith_comparison_expression RANGLE shift_expression
    (82) arith_comparison_expression -> . arith_comparison_expression LE shift_expression
    (83) arith_comparison_expression -> . arith_comparison_expression GE shift_expression
    (84) arith_comparison_expression -> . shift_expression
    (85) shift_expression -> . shift_expression LSHL additive_expression
    (86) shift_expression -> . shift_expression LSHR additive_expression
    (87) shift_expression -> . shift_expression ASHR additive_expression
    (88) shift_expression -> . additive_expression
    (89) additive_expression -> . additive_expression PLUS multiplicative_expression
    (90) additive_expression -> . additive_expression MINUS multiplicative_expression
    (91) additive_expression -> . multiplicative_expression
    (92) multiplicative_expression -> . multiplicative_expression DIV unary_expression
    (93) multiplicative_expression -> . multiplicative_expression MOD unary_expression
    (94) multiplicative_expression -> . multiplicative_expression RETRY unary_expression
    (95) multiplicative_expression -> . unary_expression
    (96) unary_expression -> . LOGICAL_NOT unary_expression
    (97) unary_expression -> . BITWISE_NOT unary_expression
    (98) unary_expression -> . MINUS unary_expression
    (99) unary_expression -> . primary_expression
    (100) primary_expression -> . LPAREN expression RPAREN
    (101) primary_expression -> . arithmetic_factor
    (102) arithmetic_factor -> . INT
    (103) arithmetic_factor -> . FLOAT
    (104) arithmetic_factor -> . BOOLEAN
    (105) arithmetic_factor -> . STRING_LITERAL
    (106) arithmetic_factor -> . variable_reference
    (63) variable_reference -> . VAR_ACCESS
    (64) variable_reference -> . VAR_ACCESS DOT IDENTIFIER
    (65) variable_reference -> . VAR_ACCESS LBRACKET expression RBRACKET

    LBRACKET        shift and go to state 48
    LCURLY_BRACKET  shift and go to state 49
    NULL            shift and go to state 51
    LOGICAL_NOT     shift and go to state 62
    BITWISE_NOT     shift and go to state 63
    MINUS           shift and go to state 60
    LPAREN          shift and go to state 65
    INT             shift and go to state 67
    FLOAT           shift and go to state 68
    BOOLEAN         shift and go to state 69
    STRING_LITERAL  shift and go to state 70
    VAR_ACCESS      shift and go to state 72

    arithmetic_expr                shift and go to state 44
    expression                     shift and go to state 135
    list                           shift and go to state 42
    map                            shift and go to state 43
    null_value                     shift and go to state 45
    ternary_expression             shift and go to state 46
    null_coalesce_expression       shift and go to state 47
    logical_or_expression          shift and go to state 50
    logical_and_expression         shift and go to state 52
    bitwise_or_expression          shift and go to state 53
    bitwise_xor_expression         shift and go to state 54
    bitwise_and_expression         shift and go to state 55
    arith_comparison_expression    shift and go to state 56
    shift_expression               shift and go to state 57
    additive_expression            shift and go to state 58
    multiplicative_expression      shift and go to state 59
    unary_expression               shift and go to state 61
    primary_expression             shift and go to state 64
    arithmetic_factor              shift and go to state 66
    variable_reference             shift and go to state 71

state 91

    (57) list -> LBRACKET list_elements . RBRACKET
    (59) list_elements -> list_elements . SEPARATOR expression

    RBRACKET        shift and go to state 136
    SEPARATOR       shift and go to state 137


state 92

    (58) list_elements -> expression .
    (43) null_coalesce_expression -> expression . NULLCOALESCE expression

    RBRACKET        reduce using rule 58 (list_elements -> expression .)
    SEPARATOR       reduce using rule 58 (list_elements -> expression .)
    NULLCOALESCE    shift and go to state 89


state 93

    (60) list_elements -> empty .

    RBRACKET        reduce using rule 60 (list_elements -> empty .)
    SEPARATOR       reduce using rule 60 (list_elements -> empty .)


state 94

    (52) map -> LCURLY_BRACKET map_entries . RCURLY_BRACKET
    (55) map_entries -> map_entries . SEPARATOR map_entry

    RCURLY_BRACKET  shift and go to state 138
    SEPARATOR       shift and go to state 139


state 95

    (53) map_entries -> empty .

    RCURLY_BRACKET  reduce using rule 53 (map_entries -> empty .)
    SEPARATOR       reduce using rule 53 (map_entries -> empty .)


state 96

    (54) map_entries -> map_entry .

    RCURLY_BRACKET  reduce using rule 54 (map_entries -> map_entry .)
    SEPARATOR       reduce using rule 54 (map_entries -> map_entry .)


state 97

    (56) map_entry -> STRING_LITERAL . COLON expression

    COLON           shift and go to state 140


state 98

    (68) logical_or_expression -> logical_or_expression PARALLEL . logical_and_expression
    (70) logical_and_expression -> . logical_and_expression LOGICAL_AND bitwise_or_expression
    (71) logical_and_expression -> . bitwise_or_expression
    (72) bitwise_or_expression -> . bitwise_or_expression BITWISE_OR bitwise_xor_expression
    (73) bitwise_or_expression -> . bitwise_xor_expression
    (74) bitwise_xor_expression -> . bitwise_xor_expression BITWISE_XOR bitwise_and_expression
    (75) bitwise_xor_expression -> . bitwise_and_expression
    (76) bitwise_and_expression -> . bitwise_and_expression BITWISE_AND arith_comparison_expression
    (77) bitwise_and_expression -> . arith_comparison_expression
    (78) arith_comparison_expression -> . arith_comparison_expression EQ shift_expression
    (79) arith_comparison_expression -> . arith_comparison_expression NE shift_expression
    (80) arith_comparison_expression -> . arith_comparison_expression LANGLE shift_expression
    (81) arith_comparison_expression -> . arith_comparison_expression RANGLE shift_expression
    (82) arith_comparison_expression -> . arith_comparison_expression LE shift_expression
    (83) arith_comparison_expression -> . arith_comparison_expression GE shift_expression
    (84) arith_comparison_expression -> . shift_expression
    (85) shift_expression -> . shift_expression LSHL additive_expression
    (86) shift_expression -> . shift_expression LSHR additive_expression
    (87) shift_expression -> . shift_expression ASHR additive_expression
    (88) shift_expression -> . additive_expression
    (89) additive_expression -> . additive_expression PLUS multiplicative_expression
    (90) additive_expression -> . additive_expression MINUS multiplicative_expression
    (91) additive_expression -> . multiplicative_expression
    (92) multiplicative_expression -> . multiplicative_expression DIV unary_expression
    (93) multiplicative_expression -> . multiplicative_expression MOD unary_expression
    (94) multiplicative_expression -> . multiplicative_expression RETRY unary_expression
    (95) multiplicative_expression -> . unary_expression
    (96) unary_expression -> . LOGICAL_NOT unary_expression
    (97) unary_expression -> . BITWISE_NOT unary_expression
    (98) unary_expression -> . MINUS unary_expression
    (99) unary_expression -> . primary_expression
    (100) primary_expression -> . LPAREN expression RPAREN
    (101) primary_expression -> . arithmetic_factor
    (102) arithmetic_factor -> . INT
    (103) arithmetic_factor -> . FLOAT
    (104) arithmetic_factor -> . BOOLEAN
    (105) arithmetic_factor -> . STRING_LITERAL
    (106) arithmetic_factor -> . variable_reference
    (63) variable_reference -> . VAR_ACCESS
    (64) variable_reference -> . VAR_ACCESS DOT IDENTIFIER
    (65) variable_reference -> . VAR_ACCESS LBRACKET expression RBRACKET

    LOGICAL_NOT     shift and go to state 62
    BITWISE_NOT     shift and go to state 63
    MINUS           shift and go to state 60
    LPAREN          shift and go to state 65
    INT             shift and go to state 67
    FLOAT           shift and go to state 68
    BOOLEAN         shift and go to state 69
    STRING_LITERAL  shift and go to state 70
    VAR_ACCESS      shift and go to state 72

    logical_and_expression         shift and go to state 141
    bitwise_or_expression          shift and go to state 53
    bitwise_xor_expression         shift and go to state 54
    bitwise_and_expression         shift and go to state 55
    arith_comparison_expression    shift and go to state 56
    shift_expression               shift and go to state 57
    additive_expression            shift and go to state 58
    multiplicative_expression      shift and go to state 59
    unary_expression               shift and go to state 61
    primary_expression             shift and go to state 64
    arithmetic_factor              shift and go to state 66
    variable_reference             shift and go to state 71

state 99

    (70) logical_and_expression -> logical_and_expression LOGICAL_AND . bitwise_or_expression
    (72) bitwise_or_expression -> . bitwise_or_expression BITWISE_OR bitwise_xor_expression
    (73) bitwise_or_expression -> . bitwise_xor_expression
    (74) bitwise_xor_expression -> . bitwise_xor_expression BITWISE_XOR bitwise_and_expression
    (75) bitwise_xor_expression -> . bitwise_and_expression
    (76) bitwise_and_expression -> . bitwise_and_expression BITWISE_AND arith_comparison_expression
    (77) bitwise_and_expression -> . arith_comparison_expression
    (78) arith_comparison_expression -> . arith_comparison_expression EQ shift_expression
    (79) arith_comparison_expression -> . arith_comparison_expression NE shift_expression
    (80) arith_comparison_expression -> . arith_comparison_expression LANGLE shift_expression
    (81) arith_comparison_expression -> . arith_comparison_expression RANGLE shift_expression
    (82) arith_comparison_expression -> . arith_comparison_expression LE shift_expression
    (83) arith_comparison_expression -> . arith_comparison_expression GE shift_expression
    (84) arith_comparison_expression -> . shift_expression
    (85) shift_expression -> . shift_expression LSHL additive_expression
    (86) shift_expression -> . shift_expression LSHR additive_expression
    (87) shift_expression -> . shift_expression ASHR additive_expression
    (88) shift_expression -> . additive_expression
    (89) additive_expression -> . additive_expression PLUS multiplicative_expression
    (90) additive_expression -> . additive_expression MINUS multiplicative_expression
    (91) additive_expression -> . multiplicative_expression
    (92) multiplicative_expression -> . multiplicative_expression DIV unary_expression
    (93) multiplicative_expression -> . multiplicative_expression MOD unary_expression
    (94) multiplicative_expression -> . multiplicative_expression RETRY unary_expression
    (95) multiplicative_expression -> . unary_expression
    (96) unary_expression -> . LOGICAL_NOT unary_expression
    (97) unary_expression -> . BITWISE_NOT unary_expression
    (98) unary_expression -> . MINUS unary_expression
    (99) unary_expression -> . primary_expression
    (100) primary_expression -> . LPAREN expression RPAREN
    (101) primary_expression -> . arithmetic_factor
    (102) arithmetic_factor -> . INT
    (103) arithmetic_factor -> . FLOAT
    (104) arithmetic_factor -> . BOOLEAN
    (105) arithmetic_factor -> . STRING_LITERAL
    (106) arithmetic_factor -> . variable_reference
    (63) variable_reference -> . VAR_ACCESS
    (64) variable_reference -> . VAR_ACCESS DOT IDENTIFIER
    (65) variable_reference -> . VAR_ACCESS LBRACKET expression RBRACKET

    LOGICAL_NOT     shift and go to state 62
    BITWISE_NOT     shift and go to state 63
    MINUS           shift and go to state 60
    LPAREN          shift and go to state 65
    INT             shift and go to state 67
    FLOAT           shift and go to state 68
    BOOLEAN         shift and go to state 69
    STRING_LITERAL  shift and go to state 70
    VAR_ACCESS      shift and go to state 72

    bitwise_or_expression          shift and go to state 142
    bitwise_xor_expression         shift and go to state 54
    bitwise_and_expression         shift and go to state 55
    arith_comparison_expression    shift and go to state 56
    shift_expression               shift and go to state 57
    additive_expression            shift and go to state 58
    multiplicative_expression      shift and go to state 59
    unary_expression               shift and go to state 61
    primary_expression             shift and go to state 64
    arithmetic_factor              shift and go to state 66
    variable_reference             shift and go to state 71

state 100

    (72) bitwise_or_expression -> bitwise_or_expression BITWISE_OR . bitwise_xor_expression
    (74) bitwise_xor_expression -> . bitwise_xor_expression BITWISE_XOR bitwise_and_expression
    (75) bitwise_xor_expression -> . bitwise_and_expression
    (76) bitwise_and_expression -> . bitwise_and_expression BITWISE_AND arith_comparison_expression
    (77) bitwise_and_expression -> . arith_comparison_expression
    (78) arith_comparison_expression -> . arith_comparison_expression EQ shift_expression
    (79) arith_comparison_expression -> . arith_comparison_expression NE shift_expression
    (80) arith_comparison_expression -> . arith_comparison_expression LANGLE shift_expression
    (81) arith_comparison_expression -> . arith_comparison_expression RANGLE shift_expression
    (82) arith_comparison_expression -> . arith_comparison_expression LE shift_expression
    (83) arith_comparison_expression -> . arith_comparison_expression GE shift_expression
    (84) arith_comparison_expression -> . shift_expression
    (85) shift_expression -> . shift_expression LSHL additive_expression
    (86) shift_expression -> . shift_expression LSHR additive_expression
    (87) shift_expression -> . shift_expression ASHR additive_expression
    (88) shift_expression -> . additive_expression
    (89) additive_expression -> . additive_expression PLUS multiplicative_expression
    (90) additive_expression -> . additive_expression MINUS multiplicative_expression
    (91) additive_expression -> . multiplicative_expression
    (92) multiplicative_expression -> . multiplicative_expression DIV unary_expression
    (93) multiplicative_expression -> . multiplicative_expression MOD unary_expression
    (94) multiplicative_expression -> . multiplicative_expression RETRY unary_expression
    (95) multiplicative_expression -> . unary_expression
    (96) unary_expression -> . LOGICAL_NOT unary_expression
    (97) unary_expression -> . BITWISE_NOT unary_expression
    (98) unary_expression -> . MINUS unary_expression
    (99) unary_expression -> . primary_expression
    (100) primary_expression -> . LPAREN expression RPAREN
    (101) primary_expression -> . arithmetic_factor
    (102) arithmetic_factor -> . INT
    (103) arithmetic_factor -> . FLOAT
    (104) arithmetic_factor -> . BOOLEAN
    (105) arithmetic_factor -> . STRING_LITERAL
    (106) arithmetic_factor -> . variable_reference
    (63) variable_reference -> . VAR_ACCESS
    (64) variable_reference -> . VAR_ACCESS DOT IDENTIFIER
    (65) variable_reference -> . VAR_ACCESS LBRACKET expression RBRACKET

    LOGICAL_NOT     shift and go to state 62
    BITWISE_NOT     shift and go to state 63
    MINUS           shift and go to state 60
    LPAREN          shift and go to state 65
    INT             shift and go to state 67
    FLOAT           shift and go to state 68
    BOOLEAN         shift and go to state 69
    STRING_LITERAL  shift and go to state 70
    VAR_ACCESS      shift and go to state 72

    bitwise_xor_expression         shift and go to state 143
    bitwise_and_expression         shift and go to state 55
    arith_comparison_expression    shift and go to state 56
    shift_expression               shift and go to state 57
    additive_expression            shift and go to state 58
    multiplicative_expression      shift and go to state 59
    unary_expression               shift and go to state 61
    primary_expression             shift and go to state 64
    arithmetic_factor              shift and go to state 66
    variable_reference             shift and go to state 71

state 101

    (74) bitwise_xor_expression -> bitwise_xor_expression BITWISE_XOR . bitwise_and_expression
    (76) bitwise_and_expression -> . bitwise_and_expression BITWISE_AND arith_comparison_expression
    (77) bitwise_and_expression -> . arith_comparison_expression
    (78) arith_comparison_expression -> . arith_comparison_expression EQ shift_expression
    (79) arith_comparison_expression -> . arith_comparison_expression NE shift_expression
    (80) arith_comparison_expression -> . arith_comparison_expression LANGLE shift_expression
    (81) arith_comparison_expression -> . arith_comparison_expression RANGLE shift_expression
    (82) arith_comparison_expression -> . arith_comparison_expression LE shift_expression
    (83) arith_comparison_expression -> . arith_comparison_expression GE shift_expression
    (84) arith_comparison_expression -> . shift_expression
    (85) shift_expression -> . shift_expression LSHL additive_expression
    (86) shift_expression -> . shift_expression LSHR additive_expression
    (87) shift_expression -> . shift_expression ASHR additive_expression
    (88) shift_expression -> . additive_expression
    (89) additive_expression -> . additive_expression PLUS multiplicative_expression
    (90) additive_expression -> . additive_expression MINUS multiplicative_expression
    (91) additive_expression -> . multiplicative_expression
    (92) multiplicative_expression -> . multiplicative_expression DIV unary_expression
    (93) multiplicative_expression -> . multiplicative_expression MOD unary_expression
    (94) multiplicative_expression -> . multiplicative_expression RETRY unary_expression
    (95) multiplicative_expression -> . unary_expression
    (96) unary_expression -> . LOGICAL_NOT unary_expression
    (97) unary_expression -> . BITWISE_NOT unary_expression
    (98) unary_expression -> . MINUS unary_expression
    (99) unary_expression -> . primary_expression
    (100) primary_expression -> . LPAREN expression RPAREN
    (101) primary_expression -> . arithmetic_factor
    (102) arithmetic_factor -> . INT
    (103) arithmetic_factor -> . FLOAT
    (104) arithmetic_factor -> . BOOLEAN
    (105) arithmetic_factor -> . STRING_LITERAL
    (106) arithmetic_factor -> . variable_reference
    (63) variable_reference -> . VAR_ACCESS
    (64) variable_reference -> . VAR_ACCESS DOT IDENTIFIER
    (65) variable_reference -> . VAR_ACCESS LBRACKET expression RBRACKET

    LOGICAL_NOT     shift and go to state 62
    BITWISE_NOT     shift and go to state 63
    MINUS           shift and go to state 60
    LPAREN          shift and go to state 65
    INT             shift and go to state 67
    FLOAT           shift and go to state 68
    BOOLEAN         shift and go to state 69
    STRING_LITERAL  shift and go to state 70
    VAR_ACCESS      shift and go to state 72

    bitwise_and_expression         shift and go to state 144
    arith_comparison_expression    shift and go to state 56
    shift_expression               shift and go to state 57
    additive_expression            shift and go to state 58
    multiplicative_expression      shift and go to state 59
    unary_expression               shift and go to state 61
    primary_expression             shift and go to state 64
    arithmetic_factor              shift and go to state 66
    variable_reference             shift and go to state 71

state 102

    (76) bitwise_and_expression -> bitwise_and_expression BITWISE_AND . arith_comparison_expression
    (78) arith_comparison_expression -> . arith_comparison_expression EQ shift_expression
    (79) arith_comparison_expression -> . arith_comparison_expression NE shift_expression
    (80) arith_comparison_expression -> . arith_comparison_expression LANGLE shift_expression
    (81) arith_comparison_expression -> . arith_comparison_expression RANGLE shift_expression
    (82) arith_comparison_expression -> . arith_comparison_expression LE shift_expression
    (83) arith_comparison_expression -> . arith_comparison_expression GE shift_expression
    (84) arith_comparison_expression -> . shift_expression
    (85) shift_expression -> . shift_expression LSHL additive_expression
    (86) shift_expression -> . shift_expression LSHR additive_expression
    (87) shift_expression -> . shift_expression ASHR additive_expression
    (88) shift_expression -> . additive_expression
    (89) additive_expression -> . additive_expression PLUS multiplicative_expression
    (90) additive_expression -> . additive_expression MINUS multiplicative_expression
    (91) additive_expression -> . multiplicative_expression
    (92) multiplicative_expression -> . multiplicative_expression DIV unary_expression
    (93) multiplicative_expression -> . multiplicative_expression MOD unary_expression
    (94) multiplicative_expression -> . multiplicative_expression RETRY unary_expression
    (95) multiplicative_expression -> . unary_expression
    (96) unary_expression -> . LOGICAL_NOT unary_expression
    (97) unary_expression -> . BITWISE_NOT unary_expression
    (98) unary_expression -> . MINUS unary_expression
    (99) unary_expression -> . primary_expression
    (100) primary_expression -> . LPAREN expression RPAREN
    (101) primary_expression -> . arithmetic_factor
    (102) arithmetic_factor -> . INT
    (103) arithmetic_factor -> . FLOAT
    (104) arithmetic_factor -> . BOOLEAN
    (105) arithmetic_factor -> . STRING_LITERAL
    (106) arithmetic_factor -> . variable_reference
    (63) variable_reference -> . VAR_ACCESS
    (64) variable_reference -> . VAR_ACCESS DOT IDENTIFIER
    (65) variable_reference -> . VAR_ACCESS LBRACKET expression RBRACKET

    LOGICAL_NOT     shift and go to state 62
    BITWISE_NOT     shift and go to state 63
    MINUS           shift and go to state 60
    LPAREN          shift and go to state 65
    INT             shift and go to state 67
    FLOAT           shift and go to state 68
    BOOLEAN         shift and go to state 69
    STRING_LITERAL  shift and go to state 70
    VAR_ACCESS      shift and go to state 72

    arith_comparison_expression    shift and go to state 145
    shift_expression               shift and go to state 57
    additive_expression            shift and go to state 58
    multiplicative_expression      shift and go to state 59
    unary_expression               shift and go to state 61
    primary_expression             shift and go to state 64
    arithmetic_factor              shift and go to state 66
    variable_reference             shift and go to state 71

state 103

    (78) arith_comparison_expression -> arith_comparison_expression EQ . shift_expression
    (85) shift_expression -> . shift_expression LSHL additive_expression
    (86) shift_expression -> . shift_expression LSHR additive_expression
    (87) shift_expression -> . shift_expression ASHR additive_expression
    (88) shift_expression -> . additive_expression
    (89) additive_expression -> . additive_expression PLUS multiplicative_expression
    (90) additive_expression -> . additive_expression MINUS multiplicative_expression
    (91) additive_expression -> . multiplicative_expression
    (92) multiplicative_expression -> . multiplicative_expression DIV unary_expression
    (93) multiplicative_expression -> . multiplicative_expression MOD unary_expression
    (94) multiplicative_expression -> . multiplicative_expression RETRY unary_expression
    (95) multiplicative_expression -> . unary_expression
    (96) unary_expression -> . LOGICAL_NOT unary_expression
    (97) unary_expression -> . BITWISE_NOT unary_expression
    (98) unary_expression -> . MINUS unary_expression
    (99) unary_expression -> . primary_expression
    (100) primary_expression -> . LPAREN expression RPAREN
    (101) primary_expression -> . arithmetic_factor
    (102) arithmetic_factor -> . INT
    (103) arithmetic_factor -> . FLOAT
    (104) arithmetic_factor -> . BOOLEAN
    (105) arithmetic_factor -> . STRING_LITERAL
    (106) arithmetic_factor -> . variable_reference
    (63) variable_reference -> . VAR_ACCESS
    (64) variable_reference -> . VAR_ACCESS DOT IDENTIFIER
    (65) variable_reference -> . VAR_ACCESS LBRACKET expression RBRACKET

    LOGICAL_NOT     shift and go to state 62
    BITWISE_NOT     shift and go to state 63
    MINUS           shift and go to state 60
    LPAREN          shift and go to state 65
    INT             shift and go to state 67
    FLOAT           shift and go to state 68
    BOOLEAN         shift and go to state 69
    STRING_LITERAL  shift and go to state 70
    VAR_ACCESS      shift and go to state 72

    shift_expression               shift and go to state 146
    additive_expression            shift and go to state 58
    multiplicative_expression      shift and go to state 59
    unary_expression               shift and go to state 61
    primary_expression             shift and go to state 64
    arithmetic_factor              shift and go to state 66
    variable_reference             shift and go to state 71

state 104

    (79) arith_comparison_expression -> arith_comparison_expression NE . shift_expression
    (85) shift_expression -> . shift_expression LSHL additive_expression
    (86) shift_expression -> . shift_expression LSHR additive_expression
    (87) shift_expression -> . shift_expression ASHR additive_expression
    (88) shift_expression -> . additive_expression
    (89) additive_expression -> . additive_expression PLUS multiplicative_expression
    (90) additive_expression -> . additive_expression MINUS multiplicative_expression
    (91) additive_expression -> . multiplicative_expression
    (92) multiplicative_expression -> . multiplicative_expression DIV unary_expression
    (93) multiplicative_expression -> . multiplicative_expression MOD unary_expression
    (94) multiplicative_expression -> . multiplicative_expression RETRY unary_expression
    (95) multiplicative_expression -> . unary_expression
    (96) unary_expression -> . LOGICAL_NOT unary_expression
    (97) unary_expression -> . BITWISE_NOT unary_expression
    (98) unary_expression -> . MINUS unary_expression
    (99) unary_expression -> . primary_expression
    (100) primary_expression -> . LPAREN expression RPAREN
    (101) primary_expression -> . arithmetic_factor
    (102) arithmetic_factor -> . INT
    (103) arithmetic_factor -> . FLOAT
    (104) arithmetic_factor -> . BOOLEAN
    (105) arithmetic_factor -> . STRING_LITERAL
    (106) arithmetic_factor -> . variable_reference
    (63) variable_reference -> . VAR_ACCESS
    (64) variable_reference -> . VAR_ACCESS DOT IDENTIFIER
    (65) variable_reference -> . VAR_ACCESS LBRACKET expression RBRACKET

    LOGICAL_NOT     shift and go to state 62
    BITWISE_NOT     shift and go to state 63
    MINUS           shift and go to state 60
    LPAREN          shift and go to state 65
    INT             shift and go to state 67
    FLOAT           shift and go to state 68
    BOOLEAN         shift and go to state 69
    STRING_LITERAL  shift and go to state 70
    VAR_ACCESS      shift and go to state 72

    shift_expression               shift and go to state 147
    additive_expression            shift and go to state 58
    multiplicative_expression      shift and go to state 59
    unary_expression               shift and go to state 61
    primary_expression             shift and go to state 64
    arithmetic_factor              shift and go to state 66
    variable_reference             shift and go to state 71

state 105

    (80) arith_comparison_expression -> arith_comparison_expression LANGLE . shift_expression
    (85) shift_expression -> . shift_expression LSHL additive_expression
    (86) shift_expression -> . shift_expression LSHR additive_expression
    (87) shift_expression -> . shift_expression ASHR additive_expression
    (88) shift_expression -> . additive_expression
    (89) additive_expression -> . additive_expression PLUS multiplicative_expression
    (90) additive_expression -> . additive_expression MINUS multiplicative_expression
    (91) additive_expression -> . multiplicative_expression
    (92) multiplicative_expression -> . multiplicative_expression DIV unary_expression
    (93) multiplicative_expression -> . multiplicative_expression MOD unary_expression
    (94) multiplicative_expression -> . multiplicative_expression RETRY unary_expression
    (95) multiplicative_expression -> . unary_expression
    (96) unary_expression -> . LOGICAL_NOT unary_expression
    (97) unary_expression -> . BITWISE_NOT unary_expression
    (98) unary_expression -> . MINUS unary_expression
    (99) unary_expression -> . primary_expression
    (100) primary_expression -> . LPAREN expression RPAREN
    (101) primary_expression -> . arithmetic_factor
    (102) arithmetic_factor -> . INT
    (103) arithmetic_factor -> . FLOAT
    (104) arithmetic_factor -> . BOOLEAN
    (105) arithmetic_factor -> . STRING_LITERAL
    (106) arithmetic_factor -> . variable_reference
    (63) variable_reference -> . VAR_ACCESS
    (64) variable_reference -> . VAR_ACCESS DOT IDENTIFIER
    (65) variable_reference -> . VAR_ACCESS LBRACKET expression RBRACKET

    LOGICAL_NOT     shift and go to state 62
    BITWISE_NOT     shift and go to state 63
    MINUS           shift and go to state 60
    LPAREN          shift and go to state 65
    INT             shift and go to state 67
    FLOAT           shift and go to state 68
    BOOLEAN         shift and go to state 69
    STRING_LITERAL  shift and go to state 70
    VAR_ACCESS      shift and go to state 72

    shift_expression               shift and go to state 148
    additive_expression            shift and go to state 58
    multiplicative_expression      shift and go to state 59
    unary_expression               shift and go to state 61
    primary_expression             shift and go to state 64
    arithmetic_factor              shift and go to state 66
    variable_reference             shift and go to state 71

state 106

    (81) arith_comparison_expression -> arith_comparison_expression RANGLE . shift_expression
    (85) shift_expression -> . shift_expression LSHL additive_expression
    (86) shift_expression -> . shift_expression LSHR additive_expression
    (87) shift_expression -> . shift_expression ASHR additive_expression
    (88) shift_expression -> . additive_expression
    (89) additive_expression -> . additive_expression PLUS multiplicative_expression
    (90) additive_expression -> . additive_expression MINUS multiplicative_expression
    (91) additive_expression -> . multiplicative_expression
    (92) multiplicative_expression -> . multiplicative_expression DIV unary_expression
    (93) multiplicative_expression -> . multiplicative_expression MOD unary_expression
    (94) multiplicative_expression -> . multiplicative_expression RETRY unary_expression
    (95) multiplicative_expression -> . unary_expression
    (96) unary_expression -> . LOGICAL_NOT unary_expression
    (97) unary_expression -> . BITWISE_NOT unary_expression
    (98) unary_expression -> . MINUS unary_expression
    (99) unary_expression -> . primary_expression
    (100) primary_expression -> . LPAREN expression RPAREN
    (101) primary_expression -> . arithmetic_factor
    (102) arithmetic_factor -> . INT
    (103) arithmetic_factor -> . FLOAT
    (104) arithmetic_factor -> . BOOLEAN
    (105) arithmetic_factor -> . STRING_LITERAL
    (106) arithmetic_factor -> . variable_reference
    (63) variable_reference -> . VAR_ACCESS
    (64) variable_reference -> . VAR_ACCESS DOT IDENTIFIER
    (65) variable_reference -> . VAR_ACCESS LBRACKET expression RBRACKET

    LOGICAL_NOT     shift and go to state 62
    BITWISE_NOT     shift and go to state 63
    MINUS           shift and go to state 60
    LPAREN          shift and go to state 65
    INT             shift and go to state 67
    FLOAT           shift and go to state 68
    BOOLEAN         shift and go to state 69
    STRING_LITERAL  shift and go to state 70
    VAR_ACCESS      shift and go to state 72

    shift_expression               shift and go to state 149
    additive_expression            shift and go to state 58
    multiplicative_expression      shift and go to state 59
    unary_expression               shift and go to state 61
    primary_expression             shift and go to state 64
    arithmetic_factor              shift and go to state 66
    variable_reference             shift and go to state 71

state 107

    (82) arith_comparison_expression -> arith_comparison_expression LE . shift_expression
    (85) shift_expression -> . shift_expression LSHL additive_expression
    (86) shift_expression -> . shift_expression LSHR additive_expression
    (87) shift_expression -> . shift_expression ASHR additive_expression
    (88) shift_expression -> . additive_expression
    (89) additive_expression -> . additive_expression PLUS multiplicative_expression
    (90) additive_expression -> . additive_expression MINUS multiplicative_expression
    (91) additive_expression -> . multiplicative_expression
    (92) multiplicative_expression -> . multiplicative_expression DIV unary_expression
    (93) multiplicative_expression -> . multiplicative_expression MOD unary_expression
    (94) multiplicative_expression -> . multiplicative_expression RETRY unary_expression
    (95) multiplicative_expression -> . unary_expression
    (96) unary_expression -> . LOGICAL_NOT unary_expression
    (97) unary_expression -> . BITWISE_NOT unary_expression
    (98) unary_expression -> . MINUS unary_expression
    (99) unary_expression -> . primary_expression
    (100) primary_expression -> . LPAREN expression RPAREN
    (101) primary_expression -> . arithmetic_factor
    (102) arithmetic_factor -> . INT
    (103) arithmetic_factor -> . FLOAT
    (104) arithmetic_factor -> . BOOLEAN
    (105) arithmetic_factor -> . STRING_LITERAL
    (106) arithmetic_factor -> . variable_reference
    (63) variable_reference -> . VAR_ACCESS
    (64) variable_reference -> . VAR_ACCESS DOT IDENTIFIER
    (65) variable_reference -> . VAR_ACCESS LBRACKET expression RBRACKET

    LOGICAL_NOT     shift and go to state 62
    BITWISE_NOT     shift and go to state 63
    MINUS           shift and go to state 60
    LPAREN          shift and go to state 65
    INT             shift and go to state 67
    FLOAT           shift and go to state 68
    BOOLEAN         shift and go to state 69
    STRING_LITERAL  shift and go to state 70
    VAR_ACCESS      shift and go to state 72

    shift_expression               shift and go to state 150
    additive_expression            shift and go to state 58
    multiplicative_expression      shift and go to state 59
    unary_expression               shift and go to state 61
    primary_expression             shift and go to state 64
    arithmetic_factor              shift and go to state 66
    variable_reference             shift and go to state 71

state 108

    (83) arith_comparison_expression -> arith_comparison_expression GE . shift_expression
    (85) shift_expression -> . shift_expression LSHL additive_expression
    (86) shift_expression -> . shift_expression LSHR additive_expression
    (87) shift_expression -> . shift_expression ASHR additive_expression
    (88) shift_expression -> . additive_expression
    (89) additive_expression -> . additive_expression PLUS multiplicative_expression
    (90) additive_expression -> . additive_expression MINUS multiplicative_expression
    (91) additive_expression -> . multiplicative_expression
    (92) multiplicative_expression -> . multiplicative_expression DIV unary_expression
    (93) multiplicative_expression -> . multiplicative_expression MOD unary_expression
    (94) multiplicative_expression -> . multiplicative_expression RETRY unary_expression
    (95) multiplicative_expression -> . unary_expression
    (96) unary_expression -> . LOGICAL_NOT unary_expression
    (97) unary_expression -> . BITWISE_NOT unary_expression
    (98) unary_expression -> . MINUS unary_expression
    (99) unary_expression -> . primary_expression
    (100) primary_expression -> . LPAREN expression RPAREN
    (101) primary_expression -> . arithmetic_factor
    (102) arithmetic_factor -> . INT
    (103) arithmetic_factor -> . FLOAT
    (104) arithmetic_factor -> . BOOLEAN
    (105) arithmetic_factor -> . STRING_LITERAL
    (106) arithmetic_factor -> . variable_reference
    (63) variable_reference -> . VAR_ACCESS
    (64) variable_reference -> . VAR_ACCESS DOT IDENTIFIER
    (65) variable_reference -> . VAR_ACCESS LBRACKET expression RBRACKET

    LOGICAL_NOT     shift and go to state 62
    BITWISE_NOT     shift and go to state 63
    MINUS           shift and go to state 60
    LPAREN          shift and go to state 65
    INT             shift and go to state 67
    FLOAT           shift and go to state 68
    BOOLEAN         shift and go to state 69
    STRING_LITERAL  shift and go to state 70
    VAR_ACCESS      shift and go to state 72

    shift_expression               shift and go to state 151
    additive_expression            shift and go to state 58
    multiplicative_expression      shift and go to state 59
    unary_expression               shift and go to state 61
    primary_expression             shift and go to state 64
    arithmetic_factor              shift and go to state 66
    variable_reference             shift and go to state 71

state 109

    (85) shift_expression -> shift_expression LSHL . additive_expression
    (89) additive_expression -> . additive_expression PLUS multiplicative_expression
    (90) additive_expression -> . additive_expression MINUS multiplicative_expression
    (91) additive_expression -> . multiplicative_expression
    (92) multiplicative_expression -> . multiplicative_expression DIV unary_expression
    (93) multiplicative_expression -> . multiplicative_expression MOD unary_expression
    (94) multiplicative_expression -> . multiplicative_expression RETRY unary_expression
    (95) multiplicative_expression -> . unary_expression
    (96) unary_expression -> . LOGICAL_NOT unary_expression
    (97) unary_expression -> . BITWISE_NOT unary_expression
    (98) unary_expression -> . MINUS unary_expression
    (99) unary_expression -> . primary_expression
    (100) primary_expression -> . LPAREN expression RPAREN
    (101) primary_expression -> . arithmetic_factor
    (102) arithmetic_factor -> . INT
    (103) arithmetic_factor -> . FLOAT
    (104) arithmetic_factor -> . BOOLEAN
    (105) arithmetic_factor -> . STRING_LITERAL
    (106) arithmetic_factor -> . variable_reference
    (63) variable_reference -> . VAR_ACCESS
    (64) variable_reference -> . VAR_ACCESS DOT IDENTIFIER
    (65) variable_reference -> . VAR_ACCESS LBRACKET expression RBRACKET

    LOGICAL_NOT     shift and go to state 62
    BITWISE_NOT     shift and go to state 63
    MINUS           shift and go to state 60
    LPAREN          shift and go to state 65
    INT             shift and go to state 67
    FLOAT           shift and go to state 68
    BOOLEAN         shift and go to state 69
    STRING_LITERAL  shift and go to state 70
    VAR_ACCESS      shift and go to state 72

    additive_expression            shift and go to state 152
    multiplicative_expression      shift and go to state 59
    unary_expression               shift and go to state 61
    primary_expression             shift and go to state 64
    arithmetic_factor              shift and go to state 66
    variable_reference             shift and go to state 71

state 110

    (86) shift_expression -> shift_expression LSHR . additive_expression
    (89) additive_expression -> . additive_expression PLUS multiplicative_expression
    (90) additive_expression -> . additive_expression MINUS multiplicative_expression
    (91) additive_expression -> . multiplicative_expression
    (92) multiplicative_expression -> . multiplicative_expression DIV unary_expression
    (93) multiplicative_expression -> . multiplicative_expression MOD unary_expression
    (94) multiplicative_expression -> . multiplicative_expression RETRY unary_expression
    (95) multiplicative_expression -> . unary_expression
    (96) unary_expression -> . LOGICAL_NOT unary_expression
    (97) unary_expression -> . BITWISE_NOT unary_expression
    (98) unary_expression -> . MINUS unary_expression
    (99) unary_expression -> . primary_expression
    (100) primary_expression -> . LPAREN expression RPAREN
    (101) primary_expression -> . arithmetic_factor
    (102) arithmetic_factor -> . INT
    (103) arithmetic_factor -> . FLOAT
    (104) arithmetic_factor -> . BOOLEAN
    (105) arithmetic_factor -> . STRING_LITERAL
    (106) arithmetic_factor -> . variable_reference
    (63) variable_reference -> . VAR_ACCESS
    (64) variable_reference -> . VAR_ACCESS DOT IDENTIFIER
    (65) variable_reference -> . VAR_ACCESS LBRACKET expression RBRACKET

    LOGICAL_NOT     shift and go to state 62
    BITWISE_NOT     shift and go to state 63
    MINUS           shift and go to state 60
    LPAREN          shift and go to state 65
    INT             shift and go to state 67
    FLOAT           shift and go to state 68
    BOOLEAN         shift and go to state 69
    STRING_LITERAL  shift and go to state 70
    VAR_ACCESS      shift and go to state 72

    additive_expression            shift and go to state 153
    multiplicative_expression      shift and go to state 59
    unary_expression               shift and go to state 61
    primary_expression             shift and go to state 64
    arithmetic_factor              shift and go to state 66
    variable_reference             shift and go to state 71

state 111

    (87) shift_expression -> shift_expression ASHR . additive_expression
    (89) additive_expression -> . additive_expression PLUS multiplicative_expression
    (90) additive_expression -> . additive_expression MINUS multiplicative_expression
    (91) additive_expression -> . multiplicative_expression
    (92) multiplicative_expression -> . multiplicative_expression DIV unary_expression
    (93) multiplicative_expression -> . multiplicative_expression MOD unary_expression
    (94) multiplicative_expression -> . multiplicative_expression RETRY unary_expression
    (95) multiplicative_expression -> . unary_expression
    (96) unary_expression -> . LOGICAL_NOT unary_expression
    (97) unary_expression -> . BITWISE_NOT unary_expression
    (98) unary_expression -> . MINUS unary_expression
    (99) unary_expression -> . primary_expression
    (100) primary_expression -> . LPAREN expression RPAREN
    (101) primary_expression -> . arithmetic_factor
    (102) arithmetic_factor -> . INT
    (103) arithmetic_factor -> . FLOAT
    (104) arithmetic_factor -> . BOOLEAN
    (105) arithmetic_factor -> . STRING_LITERAL
    (106) arithmetic_factor -> . variable_reference
    (63) variable_reference -> . VAR_ACCESS
    (64) variable_reference -> . VAR_ACCESS DOT IDENTIFIER
    (65) variable_reference -> . VAR_ACCESS LBRACKET expression RBRACKET

    LOGICAL_NOT     shift and go to state 62
    BITWISE_NOT     shift and go to state 63
    MINUS           shift and go to state 60
    LPAREN          shift and go to state 65
    INT             shift and go to state 67
    FLOAT           shift and go to state 68
    BOOLEAN         shift and go to state 69
    STRING_LITERAL  shift and go to state 70
    VAR_ACCESS      shift and go to state 72

    additive_expression            shift and go to state 154
    multiplicative_expression      shift and go to state 59
    unary_expression               shift and go to state 61
    primary_expression             shift and go to state 64
    arithmetic_factor              shift and go to state 66
    variable_reference             shift and go to state 71

state 112

    (89) additive_expression -> additive_expression PLUS . multiplicative_expression
    (92) multiplicative_expression -> . multiplicative_expression DIV unary_expression
    (93) multiplicative_expression -> . multiplicative_expression MOD unary_expression
    (94) multiplicative_expression -> . multiplicative_expression RETRY unary_expression
    (95) multiplicative_expression -> . unary_expression
    (96) unary_expression -> . LOGICAL_NOT unary_expression
    (97) unary_expression -> . BITWISE_NOT unary_expression
    (98) unary_expression -> . MINUS unary_expression
    (99) unary_expression -> . primary_expression
    (100) primary_expression -> . LPAREN expression RPAREN
    (101) primary_expression -> . arithmetic_factor
    (102) arithmetic_factor -> . INT
    (103) arithmetic_factor -> . FLOAT
    (104) arithmetic_factor -> . BOOLEAN
    (105) arithmetic_factor -> . STRING_LITERAL
    (106) arithmetic_factor -> . variable_reference
    (63) variable_reference -> . VAR_ACCESS
    (64) variable_reference -> . VAR_ACCESS DOT IDENTIFIER
    (65) variable_reference -> . VAR_ACCESS LBRACKET expression RBRACKET

    LOGICAL_NOT     shift and go to state 62
    BITWISE_NOT     shift and go to state 63
    MINUS           shift and go to state 60
    LPAREN          shift and go to state 65
    INT             shift and go to state 67
    FLOAT           shift and go to state 68
    BOOLEAN         shift and go to state 69
    STRING_LITERAL  shift and go to state 70
    VAR_ACCESS      shift and go to state 72

    multiplicative_expression      shift and go to state 155
    unary_expression               shift and go to state 61
    primary_expression             shift and go to state 64
    arithmetic_factor              shift and go to state 66
    variable_reference             shift and go to state 71

state 113

    (90) additive_expression -> additive_expression MINUS . multiplicative_expression
    (92) multiplicative_expression -> . multiplicative_expression DIV unary_expression
    (93) multiplicative_expression -> . multiplicative_expression MOD unary_expression
    (94) multiplicative_expression -> . multiplicative_expression RETRY unary_expression
    (95) multiplicative_expression -> . unary_expression
    (96) unary_expression -> . LOGICAL_NOT unary_expression
    (97) unary_expression -> . BITWISE_NOT unary_expression
    (98) unary_expression -> . MINUS unary_expression
    (99) unary_expression -> . primary_expression
    (100) primary_expression -> . LPAREN expression RPAREN
    (101) primary_expression -> . arithmetic_factor
    (102) arithmetic_factor -> . INT
    (103) arithmetic_factor -> . FLOAT
    (104) arithmetic_factor -> . BOOLEAN
    (105) arithmetic_factor -> . STRING_LITERAL
    (106) arithmetic_factor -> . variable_reference
    (63) variable_reference -> . VAR_ACCESS
    (64) variable_reference -> . VAR_ACCESS DOT IDENTIFIER
    (65) variable_reference -> . VAR_ACCESS LBRACKET expression RBRACKET

    LOGICAL_NOT     shift and go to state 62
    BITWISE_NOT     shift and go to state 63
    MINUS           shift and go to state 60
    LPAREN          shift and go to state 65
    INT             shift and go to state 67
    FLOAT           shift and go to state 68
    BOOLEAN         shift and go to state 69
    STRING_LITERAL  shift and go to state 70
    VAR_ACCESS      shift and go to state 72

    multiplicative_expression      shift and go to state 156
    unary_expression               shift and go to state 61
    primary_expression             shift and go to state 64
    arithmetic_factor              shift and go to state 66
    variable_reference             shift and go to state 71

state 114

    (92) multiplicative_expression -> multiplicative_expression DIV . unary_expression
    (96) unary_expression -> . LOGICAL_NOT unary_expression
    (97) unary_expression -> . BITWISE_NOT unary_expression
    (98) unary_expression -> . MINUS unary_expression
    (99) unary_expression -> . primary_expression
    (100) primary_expression -> . LPAREN expression RPAREN
    (101) primary_expression -> . arithmetic_factor
    (102) arithmetic_factor -> . INT
    (103) arithmetic_factor -> . FLOAT
    (104) arithmetic_factor -> . BOOLEAN
    (105) arithmetic_factor -> . STRING_LITERAL
    (106) arithmetic_factor -> . variable_reference
    (63) variable_reference -> . VAR_ACCESS
    (64) variable_reference -> . VAR_ACCESS DOT IDENTIFIER
    (65) variable_reference -> . VAR_ACCESS LBRACKET expression RBRACKET

    LOGICAL_NOT     shift and go to state 62
    BITWISE_NOT     shift and go to state 63
    MINUS           shift and go to state 60
    LPAREN          shift and go to state 65
    INT             shift and go to state 67
    FLOAT           shift and go to state 68
    BOOLEAN         shift and go to state 69
    STRING_LITERAL  shift and go to state 70
    VAR_ACCESS      shift and go to state 72

    unary_expression               shift and go to state 157
    primary_expression             shift and go to state 64
    arithmetic_factor              shift and go to state 66
    variable_reference             shift and go to state 71

state 115

    (93) multiplicative_expression -> multiplicative_expression MOD . unary_expression
    (96) unary_expression -> . LOGICAL_NOT unary_expression
    (97) unary_expression -> . BITWISE_NOT unary_expression
    (98) unary_expression -> . MINUS unary_expression
    (99) unary_expression -> . primary_expression
    (100) primary_expression -> . LPAREN expression RPAREN
    (101) primary_expression -> . arithmetic_factor
    (102) arithmetic_factor -> . INT
    (103) arithmetic_factor -> . FLOAT
    (104) arithmetic_factor -> . BOOLEAN
    (105) arithmetic_factor -> . STRING_LITERAL
    (106) arithmetic_factor -> . variable_reference
    (63) variable_reference -> . VAR_ACCESS
    (64) variable_reference -> . VAR_ACCESS DOT IDENTIFIER
    (65) variable_reference -> . VAR_ACCESS LBRACKET expression RBRACKET

    LOGICAL_NOT     shift and go to state 62
    BITWISE_NOT     shift and go to state 63
    MINUS           shift and go to state 60
    LPAREN          shift and go to state 65
    INT             shift and go to state 67
    FLOAT           shift and go to state 68
    BOOLEAN         shift and go to state 69
    STRING_LITERAL  shift and go to state 70
    VAR_ACCESS      shift and go to state 72

    unary_expression               shift and go to state 158
    primary_expression             shift and go to state 64
    arithmetic_factor              shift and go to state 66
    variable_reference             shift and go to state 71

state 116

    (94) multiplicative_expression -> multiplicative_expression RETRY . unary_expression
    (96) unary_expression -> . LOGICAL_NOT unary_expression
    (97) unary_expression -> . BITWISE_NOT unary_expression
    (98) unary_expression -> . MINUS unary_expression
    (99) unary_expression -> . primary_expression
    (100) primary_expression -> . LPAREN expression RPAREN
    (101) primary_expression -> . arithmetic_factor
    (102) arithmetic_factor -> . INT
    (103) arithmetic_factor -> . FLOAT
    (104) arithmetic_factor -> . BOOLEAN
    (105) arithmetic_factor -> . STRING_LITERAL
    (106) arithmetic_factor -> . variable_reference
    (63) variable_reference -> . VAR_ACCESS
    (64) variable_reference -> . VAR_ACCESS DOT IDENTIFIER
    (65) variable_reference -> . VAR_ACCESS LBRACKET expression RBRACKET

    LOGICAL_NOT     shift and go to state 62
    BITWISE_NOT     shift and go to state 63
    MINUS           shift and go to state 60
    LPAREN          shift and go to state 65
    INT             shift and go to state 67
    FLOAT           shift and go to state 68
    BOOLEAN         shift and go to state 69
    STRING_LITERAL  shift and go to state 70
    VAR_ACCESS      shift and go to state 72

    unary_expression               shift and go to state 159
    primary_expression             shift and go to state 64
    arithmetic_factor              shift and go to state 66
    variable_reference             shift and go to state 71

state 117

    (98) unary_expression -> MINUS unary_expression .

    DIV             reduce using rule 98 (unary_expression -> MINUS unary_expression .)
    MOD             reduce using rule 98 (unary_expression -> MINUS unary_expression .)
    RETRY           reduce using rule 98 (unary_expression -> MINUS unary_expression .)
    PLUS            reduce using rule 98 (unary_expression -> MINUS unary_expression .)
    MINUS           reduce using rule 98 (unary_expression -> MINUS unary_expression .)
    LSHL            reduce using rule 98 (unary_expression -> MINUS unary_expression .)
    LSHR            reduce using rule 98 (unary_expression -> MINUS unary_expression .)
    ASHR            reduce using rule 98 (unary_expression -> MINUS unary_expression .)
    EQ              reduce using rule 98 (unary_expression -> MINUS unary_expression .)
    NE              reduce using rule 98 (unary_expression -> MINUS unary_expression .)
    LANGLE          reduce using rule 98 (unary_expression -> MINUS unary_expression .)
    RANGLE          reduce using rule 98 (unary_expression -> MINUS unary_expression .)
    LE              reduce using rule 98 (unary_expression -> MINUS unary_expression .)
    GE              reduce using rule 98 (unary_expression -> MINUS unary_expression .)
    BITWISE_AND     reduce using rule 98 (unary_expression -> MINUS unary_expression .)
    BITWISE_XOR     reduce using rule 98 (unary_expression -> MINUS unary_expression .)
    BITWISE_OR      reduce using rule 98 (unary_expression -> MINUS unary_expression .)
    LOGICAL_AND     reduce using rule 98 (unary_expression -> MINUS unary_expression .)
    PARALLEL        reduce using rule 98 (unary_expression -> MINUS unary_expression .)
    QUESTION        reduce using rule 98 (unary_expression -> MINUS unary_expression .)
    NULLCOALESCE    reduce using rule 98 (unary_expression -> MINUS unary_expression .)
    VAR_DECL        reduce using rule 98 (unary_expression -> MINUS unary_expression .)
    LPAREN          reduce using rule 98 (unary_expression -> MINUS unary_expression .)
    IDENTIFIER      reduce using rule 98 (unary_expression -> MINUS unary_expression .)
    LCURLY_BRACKET  reduce using rule 98 (unary_expression -> MINUS unary_expression .)
    MAP             reduce using rule 98 (unary_expression -> MINUS unary_expression .)
    FILTER          reduce using rule 98 (unary_expression -> MINUS unary_expression .)
    REDUCE          reduce using rule 98 (unary_expression -> MINUS unary_expression .)
    FOREACH         reduce using rule 98 (unary_expression -> MINUS unary_expression .)
    FLATMAP         reduce using rule 98 (unary_expression -> MINUS unary_expression .)
    FANOUT          reduce using rule 98 (unary_expression -> MINUS unary_expression .)
    $end            reduce using rule 98 (unary_expression -> MINUS unary_expression .)
    RBRACKET        reduce using rule 98 (unary_expression -> MINUS unary_expression .)
    SEPARATOR       reduce using rule 98 (unary_expression -> MINUS unary_expression .)
    RPAREN          reduce using rule 98 (unary_expression -> MINUS unary_expression .)
    COLON           reduce using rule 98 (unary_expression -> MINUS unary_expression .)
    RCURLY_BRACKET  reduce using rule 98 (unary_expression -> MINUS unary_expression .)


state 118

    (96) unary_expression -> LOGICAL_NOT unary_expression .

    DIV             reduce using rule 96 (unary_expression -> LOGICAL_NOT unary_expression .)
    MOD             reduce using rule 96 (unary_expression -> LOGICAL_NOT unary_expression .)
    RETRY           reduce using rule 96 (unary_expression -> LOGICAL_NOT unary_expression .)
    PLUS            reduce using rule 96 (unary_expression -> LOGICAL_NOT unary_expression .)
    MINUS           reduce using rule 96 (unary_expression -> LOGICAL_NOT unary_expression .)
    LSHL            reduce using rule 96 (unary_expression -> LOGICAL_NOT unary_expression .)
    LSHR            reduce using rule 96 (unary_expression -> LOGICAL_NOT unary_expression .)
    ASHR            reduce using rule 96 (unary_expression -> LOGICAL_NOT unary_expression .)
    EQ              reduce using rule 96 (unary_expression -> LOGICAL_NOT unary_expression .)
    NE              reduce using rule 96 (unary_expression -> LOGICAL_NOT unary_expression .)
    LANGLE          reduce using rule 96 (unary_expression -> LOGICAL_NOT unary_expression .)
    RANGLE          reduce using rule 96 (unary_expression -> LOGICAL_NOT unary_expression .)
    LE              reduce using rule 96 (unary_expression -> LOGICAL_NOT unary_expression .)
    GE              reduce using rule 96 (unary_expression -> LOGICAL_NOT unary_expression .)
    BITWISE_AND     reduce using rule 96 (unary_expression -> LOGICAL_NOT unary_expression .)
    BITWISE_XOR     reduce using rule 96 (unary_expression -> LOGICAL_NOT unary_expression .)
    BITWISE_OR      reduce using rule 96 (unary_expression -> LOGICAL_NOT unary_expression .)
    LOGICAL_AND     reduce using rule 96 (unary_expression -> LOGICAL_NOT unary_expression .)
    PARALLEL        reduce using rule 96 (unary_expression -> LOGICAL_NOT unary_expression .)
    QUESTION        reduce using rule 96 (unary_expression -> LOGICAL_NOT unary_expression .)
    NULLCOALESCE    reduce using rule 96 (unary_expression -> LOGICAL_NOT unary_expression .)
    VAR_DECL        reduce using rule 96 (unary_expression -> LOGICAL_NOT unary_expression .)
    LPAREN          reduce using rule 96 (unary_expression -> LOGICAL_NOT unary_expression .)
    IDENTIFIER      reduce using rule 96 (unary_expression -> LOGICAL_NOT unary_expression .)
    LCURLY_BRACKET  reduce using rule 96 (unary_expression -> LOGICAL_NOT unary_expression .)
    MAP             reduce using rule 96 (unary_expression -> LOGICAL_NOT unary_expression .)
    FILTER          reduce using rule 96 (unary_expression -> LOGICAL_NOT unary_expression .)
    REDUCE          reduce using rule 96 (unary_expression -> LOGICAL_NOT unary_expression .)
    FOREACH         reduce using rule 96 (unary_expression -> LOGICAL_NOT unary_expression .)
    FLATMAP         reduce using rule 96 (unary_expression -> LOGICAL_NOT unary_expression .)
    FANOUT          reduce using rule 96 (unary_expression -> LOGICAL_NOT unary_expression .)
    $end            reduce using rule 96 (unary_expression -> LOGICAL_NOT unary_expression .)
    RBRACKET        reduce using rule 96 (unary_expression -> LOGICAL_NOT unary_expression .)
    SEPARATOR       reduce using rule 96 (unary_expression -> LOGICAL_NOT unary_expression .)
    RPAREN          reduce using rule 96 (unary_expression -> LOGICAL_NOT unary_expression .)
    COLON           reduce using rule 96 (unary_expression -> LOGICAL_NOT unary_expression .)
    RCURLY_BRACKET  reduce using rule 96 (unary_expression -> LOGICAL_NOT unary_expression .)


state 119

    (97) unary_expression -> BITWISE_NOT unary_expression .

    DIV             reduce using rule 97 (unary_expression -> BITWISE_NOT unary_expression .)
    MOD             reduce using rule 97 (unary_expression -> BITWISE_NOT unary_expression .)
    RETRY           reduce using rule 97 (unary_expression -> BITWISE_NOT unary_expression .)
    PLUS            reduce using rule 97 (unary_expression -> BITWISE_NOT unary_expression .)
    MINUS           reduce using rule 97 (unary_expression -> BITWISE_NOT unary_expression .)
    LSHL            reduce using rule 97 (unary_expression -> BITWISE_NOT unary_expression .)
    LSHR            reduce using rule 97 (unary_expression -> BITWISE_NOT unary_expression .)
    ASHR            reduce using rule 97 (unary_expression -> BITWISE_NOT unary_expression .)
    EQ              reduce using rule 97 (unary_expression -> BITWISE_NOT unary_expression .)
    NE              reduce using rule 97 (unary_expression -> BITWISE_NOT unary_expression .)
    LANGLE          reduce using rule 97 (unary_expression -> BITWISE_NOT unary_expression .)
    RANGLE          reduce using rule 97 (unary_expression -> BITWISE_NOT unary_expression .)
    LE              reduce using rule 97 (unary_expression -> BITWISE_NOT unary_expression .)
    GE              reduce using rule 97 (unary_expression -> BITWISE_NOT unary_expression .)
    BITWISE_AND     reduce using rule 97 (unary_expression -> BITWISE_NOT unary_expression .)
    BITWISE_XOR     reduce using rule 97 (unary_expression -> BITWISE_NOT unary_expression .)
    BITWISE_OR      reduce using rule 97 (unary_expression -> BITWISE_NOT unary_expression .)
    LOGICAL_AND     reduce using rule 97 (unary_expression -> BITWISE_NOT unary_expression .)
    PARALLEL        reduce using rule 97 (unary_expression -> BITWISE_NOT unary_expression .)
    QUESTION        reduce using rule 97 (unary_expression -> BITWISE_NOT unary_expression .)
    NULLCOALESCE    reduce using rule 97 (unary_expression -> BITWISE_NOT unary_expression .)
    VAR_DECL        reduce using rule 97 (unary_expression -> BITWISE_NOT unary_expression .)
    LPAREN          reduce using rule 97 (unary_expression -> BITWISE_NOT unary_expression .)
    IDENTIFIER      reduce using rule 97 (unary_expression -> BITWISE_NOT unary_expression .)
    LCURLY_BRACKET  reduce using rule 97 (unary_expression -> BITWISE_NOT unary_expression .)
    MAP             reduce using rule 97 (unary_expression -> BITWISE_NOT unary_expression .)
    FILTER          reduce using rule 97 (unary_expression -> BITWISE_NOT unary_expression .)
    REDUCE          reduce using rule 97 (unary_expression -> BITWISE_NOT unary_expression .)
    FOREACH         reduce using rule 97 (unary_expression -> BITWISE_NOT unary_expression .)
    FLATMAP         reduce using rule 97 (unary_expression -> BITWISE_NOT unary_expression .)
    FANOUT          reduce using rule 97 (unary_expression -> BITWISE_NOT unary_expression .)
    $end            reduce using rule 97 (unary_expression -> BITWISE_NOT unary_expression .)
    RBRACKET        reduce using rule 97 (unary_expression -> BITWISE_NOT unary_expression .)
    SEPARATOR       reduce using rule 97 (unary_expression -> BITWISE_NOT unary_expression .)
    RPAREN          reduce using rule 97 (unary_expression -> BITWISE_NOT unary_expression .)
    COLON           reduce using rule 97 (unary_expression -> BITWISE_NOT unary_expression .)
    RCURLY_BRACKET  reduce using rule 97 (unary_expression -> BITWISE_NOT unary_expression .)


state 120

    (100) primary_expression -> LPAREN expression . RPAREN
    (43) null_coalesce_expression -> expression . NULLCOALESCE expression

    RPAREN          shift and go to state 160
    NULLCOALESCE    shift and go to state 89


state 121

    (64) variable_reference -> VAR_ACCESS DOT . IDENTIFIER

    IDENTIFIER      shift and go to state 161


state 122

    (65) variable_reference -> VAR_ACCESS LBRACKET . expression RBRACKET
    (46) expression -> . list
    (47) expression -> . map
    (48) expression -> . arithmetic_expr
    (49) expression -> . null_value
    (50) expression -> . ternary_expression
    (51) expression -> . null_coalesce_expression
    (57) list -> . LBRACKET list_elements RBRACKET
    (52) map -> . LCURLY_BRACKET map_entries RCURLY_BRACKET
    (67) arithmetic_expr -> . logical_or_expression
    (62) null_value -> . NULL
    (42) ternary_expression -> . arithmetic_expr QUESTION expression COLON expression
    (43) null_coalesce_expression -> . expression NULLCOALESCE expression
    (68) logical_or_expression -> . logical_or_expression PARALLEL logical_and_expression
    (69) logical_or_expression -> . logical_and_expression
    (70) logical_and_expression -> . logical_and_expression LOGICAL_AND bitwise_or_expression
    (71) logical_and_expression -> . bitwise_or_expression
    (72) bitwise_or_expression -> . bitwise_or_expression BITWISE_OR bitwise_xor_expression
    (73) bitwise_or_expression -> . bitwise_xor_expression
    (74) bitwise_xor_expression -> . bitwise_xor_expression BITWISE_XOR bitwise_and_expression
    (75) bitwise_xor_expression -> . bitwise_and_expression
    (76) bitwise_and_expression -> . bitwise_and_expression BITWISE_AND arith_comparison_expression
    (77) bitwise_and_expression -> . arith_comparison_expression
    (78) arith_comparison_expression -> . arith_comparison_expression EQ shift_expression
    (79) arith_comparison_expression -> . arith_comparison_expression NE shift_expression
    (80) arith_comparison_expression -> . arith_comparison_expression LANGLE shift_expression
    (81) arith_comparison_expression -> . arith_comparison_expression RANGLE shift_expression
    (82) arith_comparison_expression -> . arith_comparison_expression LE shift_expression
    (83) arith_comparison_expression -> . arith_comparison_expression GE shift_expression
    (84) arith_comparison_expression -> . shift_expression
    (85) shift_expression -> . shift_expression LSHL additive_expression
    (86) shift_expression -> . shift_expression LSHR additive_expression
    (87) shift_expression -> . shift_expression ASHR additive_expression
    (88) shift_expression -> . additive_expression
    (89) additive_expression -> . additive_expression PLUS multiplicative_expression
    (90) additive_expression -> . additive_expression MINUS multiplicative_expression
    (91) additive_expression -> . multiplicative_expression
    (92) multiplicative_expression -> . multiplicative_expression DIV unary_expression
    (93) multiplicative_expression -> . multiplicative_expression MOD unary_expression
    (94) multiplicative_expression -> . multiplicative_expression RETRY unary_expression
    (95) multiplicative_expression -> . unary_expression
    (96) unary_expression -> . LOGICAL_NOT unary_expression
    (97) unary_expression -> . BITWISE_NOT unary_expression
    (98) unary_expression -> . MINUS unary_expression
    (99) unary_expression -> . primary_expression
    (100) primary_expression -> . LPAREN expression RPAREN
    (101) primary_expression -> . arithmetic_factor
    (102) arithmetic_factor -> . INT
    (103) arithmetic_factor -> . FLOAT
    (104) arithmetic_factor -> . BOOLEAN
    (105) arithmetic_factor -> . STRING_LITERAL
    (106) arithmetic_factor -> . variable_reference
    (63) variable_reference -> . VAR_ACCESS
    (64) variable_reference -> . VAR_ACCESS DOT IDENTIFIER
    (65) variable_reference -> . VAR_ACCESS LBRACKET expression RBRACKET

    LBRACKET        shift and go to state 48
    LCURLY_BRACKET  shift and go to state 49
    NULL            shift and go to state 51
    LOGICAL_NOT     shift and go to state 62
    BITWISE_NOT     shift and go to state 63
    MINUS           shift and go to state 60
    LPAREN          shift and go to state 65
    INT             shift and go to state 67
    FLOAT           shift and go to state 68
    BOOLEAN         shift and go to state 69
    STRING_LITERAL  shift and go to state 70
    VAR_ACCESS      shift and go to state 72

    expression                     shift and go to state 162
    list                           shift and go to state 42
    map                            shift and go to state 43
    arithmetic_expr                shift and go to state 44
    null_value                     shift and go to state 45
    ternary_expression             shift and go to state 46
    null_coalesce_expression       shift and go to state 47
    logical_or_expression          shift and go to state 50
    logical_and_expression         shift and go to state 52
    bitwise_or_expression          shift and go to state 53
    bitwise_xor_expression         shift and go to state 54
    bitwise_and_expression         shift and go to state 55
    arith_comparison_expression    shift and go to state 56
    shift_expression               shift and go to state 57
    additive_expression            shift and go to state 58
    multiplicative_expression      shift and go to state 59
    unary_expression               shift and go to state 61
    primary_expression             shift and go to state 64
    arithmetic_factor              shift and go to state 66
    variable_reference             shift and go to state 71

state 123

    (9) conditional -> meta LPAREN branch_list RPAREN .

    LPAREN          reduce using rule 9 (conditional -> meta LPAREN branch_list RPAREN .)
    POINTER         reduce using rule 9 (conditional -> meta LPAREN branch_list RPAREN .)
    PPOINTER        reduce using rule 9 (conditional -> meta LPAREN branch_list RPAREN .)
    PARALLEL        reduce using rule 9 (conditional -> meta LPAREN branch_list RPAREN .)
    VAR_DECL        reduce using rule 9 (conditional -> meta LPAREN branch_list RPAREN .)
    IDENTIFIER      reduce using rule 9 (conditional -> meta LPAREN branch_list RPAREN .)
    LCURLY_BRACKET  reduce using rule 9 (conditional -> meta LPAREN branch_list RPAREN .)
    MAP             reduce using rule 9 (conditional -> meta LPAREN branch_list RPAREN .)
    FILTER          reduce using rule 9 (conditional -> meta LPAREN branch_list RPAREN .)
    REDUCE          reduce using rule 9 (conditional -> meta LPAREN branch_list RPAREN .)
    FOREACH         reduce using rule 9 (conditional -> meta LPAREN branch_list RPAREN .)
    FLATMAP         reduce using rule 9 (conditional -> meta LPAREN branch_list RPAREN .)
    FANOUT          reduce using rule 9 (conditional -> meta LPAREN branch_list RPAREN .)
    $end            reduce using rule 9 (conditional -> meta LPAREN branch_list RPAREN .)
    RPAREN          reduce using rule 9 (conditional -> meta LPAREN branch_list RPAREN .)
    RCURLY_BRACKET  reduce using rule 9 (conditional -> meta LPAREN branch_list RPAREN .)
    SEPARATOR       reduce using rule 9 (conditional -> meta LPAREN branch_list RPAREN .)


state 124

    (11) branch_list -> branch_list SEPARATOR . branch
    (12) branch -> . descriptor POINTER chain
    (13) branch -> . descriptor PPOINTER chain
    (66) descriptor -> . INT

    INT             shift and go to state 80

    branch                         shift and go to state 163
    descriptor                     shift and go to state 79

state 125

    (12) branch -> descriptor POINTER . chain
    (14) chain -> . retry
    (15) chain -> . chain POINTER retry
    (16) chain -> . chain PPOINTER retry
    (17) chain -> . chain PARALLEL retry
    (23) retry -> . meta
    (24) retry -> . task RETRY INT
    (18) meta -> . task
    (19) meta -> . meta_task
    (20) meta -> . grouped
    (21) meta -> . conditional
    (22) meta -> . LPAREN chain RPAREN
    (25) task -> . IDENTIFIER attribute_list
    (26) task -> . IDENTIFIER DOUBLE_COLON IDENTIFIER attribute_list
    (32) meta_task -> . mode LANGLE IDENTIFIER RANGLE attribute_list
    (33) meta_task -> . mode LANGLE IDENTIFIER DOUBLE_COLON IDENTIFIER RANGLE attribute_list
    (40) grouped -> . LCURLY_BRACKET chain RCURLY_BRACKET
    (41) grouped -> . LCURLY_BRACKET chain RCURLY_BRACKET attribute_list
    (9) conditional -> . meta LPAREN branch_list RPAREN
    (34) mode -> . MAP
    (35) mode -> . FILTER
    (36) mode -> . REDUCE
    (37) mode -> . FOREACH
    (38) mode -> . FLATMAP
    (39) mode -> . FANOUT

    LPAREN          shift and go to state 16
    IDENTIFIER      shift and go to state 17
    LCURLY_BRACKET  shift and go to state 19
    MAP             shift and go to state 20
    FILTER          shift and go to state 21
    REDUCE          shift and go to state 22
    FOREACH         shift and go to state 23
    FLATMAP         shift and go to state 24
    FANOUT          shift and go to state 25

    chain                          shift and go to state 164
    retry                          shift and go to state 10
    meta                           shift and go to state 11
    task                           shift and go to state 12
    meta_task                      shift and go to state 13
    grouped                        shift and go to state 14
    conditional                    shift and go to state 15
    mode                           shift and go to state 18

state 126

    (13) branch -> descriptor PPOINTER . chain
    (14) chain -> . retry
    (15) chain -> . chain POINTER retry
    (16) chain -> . chain PPOINTER retry
    (17) chain -> . chain PARALLEL retry
    (23) retry -> . meta
    (24) retry -> . task RETRY INT
    (18) meta -> . task
    (19) meta -> . meta_task
    (20) meta -> . grouped
    (21) meta -> . conditional
    (22) meta -> . LPAREN chain RPAREN
    (25) task -> . IDENTIFIER attribute_list
    (26) task -> . IDENTIFIER DOUBLE_COLON IDENTIFIER attribute_list
    (32) meta_task -> . mode LANGLE IDENTIFIER RANGLE attribute_list
    (33) meta_task -> . mode LANGLE IDENTIFIER DOUBLE_COLON IDENTIFIER RANGLE attribute_list
    (40) grouped -> . LCURLY_BRACKET chain RCURLY_BRACKET
    (41) grouped -> . LCURLY_BRACKET chain RCURLY_BRACKET attribute_list
    (9) conditional -> . meta LPAREN branch_list RPAREN
    (34) mode -> . MAP
    (35) mode -> . FILTER
    (36) mode -> . REDUCE
    (37) mode -> . FOREACH
    (38) mode -> . FLATMAP
    (39) mode -> . FANOUT

    LPAREN          shift and go to state 16
    IDENTIFIER      shift and go to state 17
    LCURLY_BRACKET  shift and go to state 19
    MAP             shift and go to state 20
    FILTER          shift and go to state 21
    REDUCE          shift and go to state 22
    FOREACH         shift and go to state 23
    FLATMAP         shift and go to state 24
    FANOUT          shift and go to state 25

    chain                          shift and go to state 165
    retry                          shift and go to state 10
    meta                           shift and go to state 11
    task                           shift and go to state 12
    meta_task                      shift and go to state 13
    grouped                        shift and go to state 14
    conditional                    shift and go to state 15
    mode                           shift and go to state 18

state 127

    (26) task -> IDENTIFIER DOUBLE_COLON IDENTIFIER attribute_list .

    RETRY           reduce using rule 26 (task -> IDENTIFIER DOUBLE_COLON IDENTIFIER attribute_list .)
    LPAREN          reduce using rule 26 (task -> IDENTIFIER DOUBLE_COLON IDENTIFIER attribute_list .)
    POINTER         reduce using rule 26 (task -> IDENTIFIER DOUBLE_COLON IDENTIFIER attribute_list .)
    PPOINTER        reduce using rule 26 (task -> IDENTIFIER DOUBLE_COLON IDENTIFIER attribute_list .)
    PARALLEL        reduce using rule 26 (task -> IDENTIFIER DOUBLE_COLON IDENTIFIER attribute_list .)
    VAR_DECL        reduce using rule 26 (task -> IDENTIFIER DOUBLE_COLON IDENTIFIER attribute_list .)
    IDENTIFIER      reduce using rule 26 (task -> IDENTIFIER DOUBLE_COLON IDENTIFIER attribute_list .)
    LCURLY_BRACKET  reduce using rule 26 (task -> IDENTIFIER DOUBLE_COLON IDENTIFIER attribute_list .)
    MAP             reduce using rule 26 (task -> IDENTIFIER DOUBLE_COLON IDENTIFIER attribute_list .)
    FILTER          reduce using rule 26 (task -> IDENTIFIER DOUBLE_COLON IDENTIFIER attribute_list .)
    REDUCE          reduce using rule 26 (task -> IDENTIFIER DOUBLE_COLON IDENTIFIER attribute_list .)
    FOREACH         reduce using rule 26 (task -> IDENTIFIER DOUBLE_COLON IDENTIFIER attribute_list .)
    FLATMAP         reduce using rule 26 (task -> IDENTIFIER DOUBLE_COLON IDENTIFIER attribute_list .)
    FANOUT          reduce using rule 26 (task -> IDENTIFIER DOUBLE_COLON IDENTIFIER attribute_list .)
    $end            reduce using rule 26 (task -> IDENTIFIER DOUBLE_COLON IDENTIFIER attribute_list .)
    RPAREN          reduce using rule 26 (task -> IDENTIFIER DOUBLE_COLON IDENTIFIER attribute_list .)
    RCURLY_BRACKET  reduce using rule 26 (task -> IDENTIFIER DOUBLE_COLON IDENTIFIER attribute_list .)
    SEPARATOR       reduce using rule 26 (task -> IDENTIFIER DOUBLE_COLON IDENTIFIER attribute_list .)


state 128

    (27) attribute_list -> LBRACKET attribute_list_items RBRACKET .

    RETRY           reduce using rule 27 (attribute_list -> LBRACKET attribute_list_items RBRACKET .)
    LPAREN          reduce using rule 27 (attribute_list -> LBRACKET attribute_list_items RBRACKET .)
    POINTER         reduce using rule 27 (attribute_list -> LBRACKET attribute_list_items RBRACKET .)
    PPOINTER        reduce using rule 27 (attribute_list -> LBRACKET attribute_list_items RBRACKET .)
    PARALLEL        reduce using rule 27 (attribute_list -> LBRACKET attribute_list_items RBRACKET .)
    VAR_DECL        reduce using rule 27 (attribute_list -> LBRACKET attribute_list_items RBRACKET .)
    IDENTIFIER      reduce using rule 27 (attribute_list -> LBRACKET attribute_list_items RBRACKET .)
    LCURLY_BRACKET  reduce using rule 27 (attribute_list -> LBRACKET attribute_list_items RBRACKET .)
    MAP             reduce using rule 27 (attribute_list -> LBRACKET attribute_list_items RBRACKET .)
    FILTER          reduce using rule 27 (attribute_list -> LBRACKET attribute_list_items RBRACKET .)
    REDUCE          reduce using rule 27 (attribute_list -> LBRACKET attribute_list_items RBRACKET .)
    FOREACH         reduce using rule 27 (attribute_list -> LBRACKET attribute_list_items RBRACKET .)
    FLATMAP         reduce using rule 27 (attribute_list -> LBRACKET attribute_list_items RBRACKET .)
    FANOUT          reduce using rule 27 (attribute_list -> LBRACKET attribute_list_items RBRACKET .)
    $end            reduce using rule 27 (attribute_list -> LBRACKET attribute_list_items RBRACKET .)
    RPAREN          reduce using rule 27 (attribute_list -> LBRACKET attribute_list_items RBRACKET .)
    RCURLY_BRACKET  reduce using rule 27 (attribute_list -> LBRACKET attribute_list_items RBRACKET .)
    SEPARATOR       reduce using rule 27 (attribute_list -> LBRACKET attribute_list_items RBRACKET .)


state 129

    (30) attribute_list_items -> attribute_list_items SEPARATOR . attribute
    (31) attribute -> . IDENTIFIER ASSIGN expression

    IDENTIFIER      shift and go to state 86

    attribute                      shift and go to state 166

state 130

    (31) attribute -> IDENTIFIER ASSIGN . expression
    (46) expression -> . list
    (47) expression -> . map
    (48) expression -> . arithmetic_expr
    (49) expression -> . null_value
    (50) expression -> . ternary_expression
    (51) expression -> . null_coalesce_expression
    (57) list -> . LBRACKET list_elements RBRACKET
    (52) map -> . LCURLY_BRACKET map_entries RCURLY_BRACKET
    (67) arithmetic_expr -> . logical_or_expression
    (62) null_value -> . NULL
    (42) ternary_expression -> . arithmetic_expr QUESTION expression COLON expression
    (43) null_coalesce_expression -> . expression NULLCOALESCE expression
    (68) logical_or_expression -> . logical_or_expression PARALLEL logical_and_expression
    (69) logical_or_expression -> . logical_and_expression
    (70) logical_and_expression -> . logical_and_expression LOGICAL_AND bitwise_or_expression
    (71) logical_and_expression -> . bitwise_or_expression
    (72) bitwise_or_expression -> . bitwise_or_expression BITWISE_OR bitwise_xor_expression
    (73) bitwise_or_expression -> . bitwise_xor_expression
    (74) bitwise_xor_expression -> . bitwise_xor_expression BITWISE_XOR bitwise_and_expression
    (75) bitwise_xor_expression -> . bitwise_and_expression
    (76) bitwise_and_expression -> . bitwise_and_expression BITWISE_AND arith_comparison_expression
    (77) bitwise_and_expression -> . arith_comparison_expression
    (78) arith_comparison_expression -> . arith_comparison_expression EQ shift_expression
    (79) arith_comparison_expression -> . arith_comparison_expression NE shift_expression
    (80) arith_comparison_expression -> . arith_comparison_expression LANGLE shift_expression
    (81) arith_comparison_expression -> . arith_comparison_expression RANGLE shift_expression
    (82) arith_comparison_expression -> . arith_comparison_expression LE shift_expression
    (83) arith_comparison_expression -> . arith_comparison_expression GE shift_expression
    (84) arith_comparison_expression -> . shift_expression
    (85) shift_expression -> . shift_expression LSHL additive_expression
    (86) shift_expression -> . shift_expression LSHR additive_expression
    (87) shift_expression -> . shift_expression ASHR additive_expression
    (88) shift_expression -> . additive_expression
    (89) additive_expression -> . additive_expression PLUS multiplicative_expression
    (90) additive_expression -> . additive_expression MINUS multiplicative_expression
    (91) additive_expression -> . multiplicative_expression
    (92) multiplicative_expression -> . multiplicative_expression DIV unary_expression
    (93) multiplicative_expression -> . multiplicative_expression MOD unary_expression
    (94) multiplicative_expression -> . multiplicative_expression RETRY unary_expression
    (95) multiplicative_expression -> . unary_expression
    (96) unary_expression -> . LOGICAL_NOT unary_expression
    (97) unary_expression -> . BITWISE_NOT unary_expression
    (98) unary_expression -> . MINUS unary_expression
    (99) unary_expression -> . primary_expression
    (100) primary_expression -> . LPAREN expression RPAREN
    (101) primary_expression -> . arithmetic_factor
    (102) arithmetic_factor -> . INT
    (103) arithmetic_factor -> . FLOAT
    (104) arithmetic_factor -> . BOOLEAN
    (105) arithmetic_factor -> . STRING_LITERAL
    (106) arithmetic_factor -> . variable_reference
    (63) variable_reference -> . VAR_ACCESS
    (64) variable_reference -> . VAR_ACCESS DOT IDENTIFIER
    (65) variable_reference -> . VAR_ACCESS LBRACKET expression RBRACKET

    LBRACKET        shift and go to state 48
    LCURLY_BRACKET  shift and go to state 49
    NULL            shift and go to state 51
    LOGICAL_NOT     shift and go to state 62
    BITWISE_NOT     shift and go to state 63
    MINUS           shift and go to state 60
    LPAREN          shift and go to state 65
    INT             shift and go to state 67
    FLOAT           shift and go to state 68
    BOOLEAN         shift and go to state 69
    STRING_LITERAL  shift and go to state 70
    VAR_ACCESS      shift and go to state 72

    expression                     shift and go to state 167
    list                           shift and go to state 42
    map                            shift and go to state 43
    arithmetic_expr                shift and go to state 44
    null_value                     shift and go to state 45
    ternary_expression             shift and go to state 46
    null_coalesce_expression       shift and go to state 47
    logical_or_expression          shift and go to state 50
    logical_and_expression         shift and go to state 52
    bitwise_or_expression          shift and go to state 53
    bitwise_xor_expression         shift and go to state 54
    bitwise_and_expression         shift and go to state 55
    arith_comparison_expression    shift and go to state 56
    shift_expression               shift and go to state 57
    additive_expression            shift and go to state 58
    multiplicative_expression      shift and go to state 59
    unary_expression               shift and go to state 61
    primary_expression             shift and go to state 64
    arithmetic_factor              shift and go to state 66
    variable_reference             shift and go to state 71

state 131

    (32) meta_task -> mode LANGLE IDENTIFIER RANGLE . attribute_list
    (27) attribute_list -> . LBRACKET attribute_list_items RBRACKET
    (28) attribute_list -> . empty
    (61) empty -> .

    LBRACKET        shift and go to state 37
    LPAREN          reduce using rule 61 (empty -> .)
    POINTER         reduce using rule 61 (empty -> .)
    PPOINTER        reduce using rule 61 (empty -> .)
    PARALLEL        reduce using rule 61 (empty -> .)
    VAR_DECL        reduce using rule 61 (empty -> .)
    IDENTIFIER      reduce using rule 61 (empty -> .)
    LCURLY_BRACKET  reduce using rule 61 (empty -> .)
    MAP             reduce using rule 61 (empty -> .)
    FILTER          reduce using rule 61 (empty -> .)
    REDUCE          reduce using rule 61 (empty -> .)
    FOREACH         reduce using rule 61 (empty -> .)
    FLATMAP         reduce using rule 61 (empty -> .)
    FANOUT          reduce using rule 61 (empty -> .)
    $end            reduce using rule 61 (empty -> .)
    RPAREN          reduce using rule 61 (empty -> .)
    RCURLY_BRACKET  reduce using rule 61 (empty -> .)
    SEPARATOR       reduce using rule 61 (empty -> .)

    attribute_list                 shift and go to state 168
    empty                          shift and go to state 38

state 132

    (33) meta_task -> mode LANGLE IDENTIFIER DOUBLE_COLON . IDENTIFIER RANGLE attribute_list

    IDENTIFIER      shift and go to state 169


state 133

    (41) grouped -> LCURLY_BRACKET chain RCURLY_BRACKET attribute_list .

    LPAREN          reduce using rule 41 (grouped -> LCURLY_BRACKET chain RCURLY_BRACKET attribute_list .)
    POINTER         reduce using rule 41 (grouped -> LCURLY_BRACKET chain RCURLY_BRACKET attribute_list .)
    PPOINTER        reduce using rule 41 (grouped -> LCURLY_BRACKET chain RCURLY_BRACKET attribute_list .)
    PARALLEL        reduce using rule 41 (grouped -> LCURLY_BRACKET chain RCURLY_BRACKET attribute_list .)
    VAR_DECL        reduce using rule 41 (grouped -> LCURLY_BRACKET chain RCURLY_BRACKET attribute_list .)
    IDENTIFIER      reduce using rule 41 (grouped -> LCURLY_BRACKET chain RCURLY_BRACKET attribute_list .)
    LCURLY_BRACKET  reduce using rule 41 (grouped -> LCURLY_BRACKET chain RCURLY_BRACKET attribute_list .)
    MAP             reduce using rule 41 (grouped -> LCURLY_BRACKET chain RCURLY_BRACKET attribute_list .)
    FILTER          reduce using rule 41 (grouped -> LCURLY_BRACKET chain RCURLY_BRACKET attribute_list .)
    REDUCE          reduce using rule 41 (grouped -> LCURLY_BRACKET chain RCURLY_BRACKET attribute_list .)
    FOREACH         reduce using rule 41 (grouped -> LCURLY_BRACKET chain RCURLY_BRACKET attribute_list .)
    FLATMAP         reduce using rule 41 (grouped -> LCURLY_BRACKET chain RCURLY_BRACKET attribute_list .)
    FANOUT          reduce using rule 41 (grouped -> LCURLY_BRACKET chain RCURLY_BRACKET attribute_list .)
    $end            reduce using rule 41 (grouped -> LCURLY_BRACKET chain RCURLY_BRACKET attribute_list .)
    RPAREN          reduce using rule 41 (grouped -> LCURLY_BRACKET chain RCURLY_BRACKET attribute_list .)
    RCURLY_BRACKET  reduce using rule 41 (grouped -> LCURLY_BRACKET chain RCURLY_BRACKET attribute_list .)
    SEPARATOR       reduce using rule 41 (grouped -> LCURLY_BRACKET chain RCURLY_BRACKET attribute_list .)


state 134

    (43) null_coalesce_expression -> expression NULLCOALESCE expression .
    (43) null_coalesce_expression -> expression . NULLCOALESCE expression

    NULLCOALESCE    reduce using rule 43 (null_coalesce_expression -> expression NULLCOALESCE expression .)
    VAR_DECL        reduce using rule 43 (null_coalesce_expression -> expression NULLCOALESCE expression .)
    LPAREN          reduce using rule 43 (null_coalesce_expression -> expression NULLCOALESCE expression .)
    IDENTIFIER      reduce using rule 43 (null_coalesce_expression -> expression NULLCOALESCE expression .)
    LCURLY_BRACKET  reduce using rule 43 (null_coalesce_expression -> expression NULLCOALESCE expression .)
    MAP             reduce using rule 43 (null_coalesce_expression -> expression NULLCOALESCE expression .)
    FILTER          reduce using rule 43 (null_coalesce_expression -> expression NULLCOALESCE expression .)
    REDUCE          reduce using rule 43 (null_coalesce_expression -> expression NULLCOALESCE expression .)
    FOREACH         reduce using rule 43 (null_coalesce_expression -> expression NULLCOALESCE expression .)
    FLATMAP         reduce using rule 43 (null_coalesce_expression -> expression NULLCOALESCE expression .)
    FANOUT          reduce using rule 43 (null_coalesce_expression -> expression NULLCOALESCE expression .)
    $end            reduce using rule 43 (null_coalesce_expression -> expression NULLCOALESCE expression .)
    RBRACKET        reduce using rule 43 (null_coalesce_expression -> expression NULLCOALESCE expression .)
    SEPARATOR       reduce using rule 43 (null_coalesce_expression -> expression NULLCOALESCE expression .)
    RPAREN          reduce using rule 43 (null_coalesce_expression -> expression NULLCOALESCE expression .)
    COLON           reduce using rule 43 (null_coalesce_expression -> expression NULLCOALESCE expression .)
    RCURLY_BRACKET  reduce using rule 43 (null_coalesce_expression -> expression NULLCOALESCE expression .)

  ! NULLCOALESCE    [ shift and go to state 89 ]


state 135

    (42) ternary_expression -> arithmetic_expr QUESTION expression . COLON expression
    (43) null_coalesce_expression -> expression . NULLCOALESCE expression

    COLON           shift and go to state 170
    NULLCOALESCE    shift and go to state 89


state 136

    (57) list -> LBRACKET list_elements RBRACKET .

    NULLCOALESCE    reduce using rule 57 (list -> LBRACKET list_elements RBRACKET .)
    VAR_DECL        reduce using rule 57 (list -> LBRACKET list_elements RBRACKET .)
    LPAREN          reduce using rule 57 (list -> LBRACKET list_elements RBRACKET .)
    IDENTIFIER      reduce using rule 57 (list -> LBRACKET list_elements RBRACKET .)
    LCURLY_BRACKET  reduce using rule 57 (list -> LBRACKET list_elements RBRACKET .)
    MAP             reduce using rule 57 (list -> LBRACKET list_elements RBRACKET .)
    FILTER          reduce using rule 57 (list -> LBRACKET list_elements RBRACKET .)
    REDUCE          reduce using rule 57 (list -> LBRACKET list_elements RBRACKET .)
    FOREACH         reduce using rule 57 (list -> LBRACKET list_elements RBRACKET .)
    FLATMAP         reduce using rule 57 (list -> LBRACKET list_elements RBRACKET .)
    FANOUT          reduce using rule 57 (list -> LBRACKET list_elements RBRACKET .)
    $end            reduce using rule 57 (list -> LBRACKET list_elements RBRACKET .)
    RBRACKET        reduce using rule 57 (list -> LBRACKET list_elements RBRACKET .)
    SEPARATOR       reduce using rule 57 (list -> LBRACKET list_elements RBRACKET .)
    RPAREN          reduce using rule 57 (list -> LBRACKET list_elements RBRACKET .)
    COLON           reduce using rule 57 (list -> LBRACKET list_elements RBRACKET .)
    RCURLY_BRACKET  reduce using rule 57 (list -> LBRACKET list_elements RBRACKET .)


state 137

    (59) list_elements -> list_elements SEPARATOR . expression
    (46) expression -> . list
    (47) expression -> . map
    (48) expression -> . arithmetic_expr
    (49) expression -> . null_value
    (50) expression -> . ternary_expression
    (51) expression -> . null_coalesce_expression
    (57) list -> . LBRACKET list_elements RBRACKET
    (52) map -> . LCURLY_BRACKET map_entries RCURLY_BRACKET
    (67) arithmetic_expr -> . logical_or_expression
    (62) null_value -> . NULL
    (42) ternary_expression -> . arithmetic_expr QUESTION expression COLON expression
    (43) null_coalesce_expression -> . expression NULLCOALESCE expression
    (68) logical_or_expression -> . logical_or_expression PARALLEL logical_and_expression
    (69) logical_or_expression -> . logical_and_expression
    (70) logical_and_expression -> . logical_and_expression LOGICAL_AND bitwise_or_expression
    (71) logical_and_expression -> . bitwise_or_expression
    (72) bitwise_or_expression -> . bitwise_or_expression BITWISE_OR bitwise_xor_expression
    (73) bitwise_or_expression -> . bitwise_xor_expression
    (74) bitwise_xor_expression -> . bitwise_xor_expression BITWISE_XOR bitwise_and_expression
    (75) bitwise_xor_expression -> . bitwise_and_expression
    (76) bitwise_and_expression -> . bitwise_and_expression BITWISE_AND arith_comparison_expression
    (77) bitwise_and_expression -> . arith_comparison_expression
    (78) arith_comparison_expression -> . arith_comparison_expression EQ shift_expression
    (79) arith_comparison_expression -> . arith_comparison_expression NE shift_expression
    (80) arith_comparison_expression -> . arith_comparison_expression LANGLE shift_expression
    (81) arith_comparison_expression -> . arith_comparison_expression RANGLE shift_expression
    (82) arith_comparison_expression -> . arith_comparison_expression LE shift_expression
    (83) arith_comparison_expression -> . arith_comparison_expression GE shift_expression
    (84) arith_comparison_expression -> . shift_expression
    (85) shift_expression -> . shift_expression LSHL additive_expression
    (86) shift_expression -> . shift_expression LSHR additive_expression
    (87) shift_expression -> . shift_expression ASHR additive_expression
    (88) shift_expression -> . additive_expression
    (89) additive_expression -> . additive_expression PLUS multiplicative_expression
    (90) additive_expression -> . additive_expression MINUS multiplicative_expression
    (91) additive_expression -> . multiplicative_expression
    (92) multiplicative_expression -> . multiplicative_expression DIV unary_expression
    (93) multiplicative_expression -> . multiplicative_expression MOD unary_expression
    (94) multiplicative_expression -> . multiplicative_expression RETRY unary_expression
    (95) multiplicative_expression -> . unary_expression
    (96) unary_expression -> . LOGICAL_NOT unary_expression
    (97) unary_expression -> . BITWISE_NOT unary_expression
    (98) unary_expression -> . MINUS unary_expression
    (99) unary_expression -> . primary_expression
    (100) primary_expression -> . LPAREN expression RPAREN
    (101) primary_expression -> . arithmetic_factor
    (102) arithmetic_factor -> . INT
    (103) arithmetic_factor -> . FLOAT
    (104) arithmetic_factor -> . BOOLEAN
    (105) arithmetic_factor -> . STRING_LITERAL
    (106) arithmetic_factor -> . variable_reference
    (63) variable_reference -> . VAR_ACCESS
    (64) variable_reference -> . VAR_ACCESS DOT IDENTIFIER
    (65) variable_reference -> . VAR_ACCESS LBRACKET expression RBRACKET

    LBRACKET        shift and go to state 48
    LCURLY_BRACKET  shift and go to state 49
    NULL            shift and go to state 51
    LOGICAL_NOT     shift and go to state 62
    BITWISE_NOT     shift and go to state 63
    MINUS           shift and go to state 60
    LPAREN          shift and go to state 65
    INT             shift and go to state 67
    FLOAT           shift and go to state 68
    BOOLEAN         shift and go to state 69
    STRING_LITERAL  shift and go to state 70
    VAR_ACCESS      shift and go to state 72

    expression                     shift and go to state 171
    list                           shift and go to state 42
    map                            shift and go to state 43
    arithmetic_expr                shift and go to state 44
    null_value                     shift and go to state 45
    ternary_expression             shift and go to state 46
    null_coalesce_expression       shift and go to state 47
    logical_or_expression          shift and go to state 50
    logical_and_expression         shift and go to state 52
    bitwise_or_expression          shift and go to state 53
    bitwise_xor_expression         shift and go to state 54
    bitwise_and_expression         shift and go to state 55
    arith_comparison_expression    shift and go to state 56
    shift_expression               shift and go to state 57
    additive_expression            shift and go to state 58
    multiplicative_expression      shift and go to state 59
    unary_expression               shift and go to state 61
    primary_expression             shift and go to state 64
    arithmetic_factor              shift and go to state 66
    variable_reference             shift and go to state 71

state 138

    (52) map -> LCURLY_BRACKET map_entries RCURLY_BRACKET .

    NULLCOALESCE    reduce using rule 52 (map -> LCURLY_BRACKET map_entries RCURLY_BRACKET .)
    VAR_DECL        reduce using rule 52 (map -> LCURLY_BRACKET map_entries RCURLY_BRACKET .)
    LPAREN          reduce using rule 52 (map -> LCURLY_BRACKET map_entries RCURLY_BRACKET .)
    IDENTIFIER      reduce using rule 52 (map -> LCURLY_BRACKET map_entries RCURLY_BRACKET .)
    LCURLY_BRACKET  reduce using rule 52 (map -> LCURLY_BRACKET map_entries RCURLY_BRACKET .)
    MAP             reduce using rule 52 (map -> LCURLY_BRACKET map_entries RCURLY_BRACKET .)
    FILTER          reduce using rule 52 (map -> LCURLY_BRACKET map_entries RCURLY_BRACKET .)
    REDUCE          reduce using rule 52 (map -> LCURLY_BRACKET map_entries RCURLY_BRACKET .)
    FOREACH         reduce using rule 52 (map -> LCURLY_BRACKET map_entries RCURLY_BRACKET .)
    FLATMAP         reduce using rule 52 (map -> LCURLY_BRACKET map_entries RCURLY_BRACKET .)
    FANOUT          reduce using rule 52 (map -> LCURLY_BRACKET map_entries RCURLY_BRACKET .)
    $end            reduce using rule 52 (map -> LCURLY_BRACKET map_entries RCURLY_BRACKET .)
    RBRACKET        reduce using rule 52 (map -> LCURLY_BRACKET map_entries RCURLY_BRACKET .)
    SEPARATOR       reduce using rule 52 (map -> LCURLY_BRACKET map_entries RCURLY_BRACKET .)
    RPAREN          reduce using rule 52 (map -> LCURLY_BRACKET map_entries RCURLY_BRACKET .)
    COLON           reduce using rule 52 (map -> LCURLY_BRACKET map_entries RCURLY_BRACKET .)
    RCURLY_BRACKET  reduce using rule 52 (map -> LCURLY_BRACKET map_entries RCURLY_BRACKET .)


state 139

    (55) map_entries -> map_entries SEPARATOR . map_entry
    (56) map_entry -> . STRING_LITERAL COLON expression

    STRING_LITERAL  shift and go to state 97

    map_entry                      shift and go to state 172

state 140

    (56) map_entry -> STRING_LITERAL COLON . expression
    (46) expression -> . list
    (47) expression -> . map
    (48) expression -> . arithmetic_expr
    (49) expression -> . null_value
    (50) expression -> . ternary_expression
    (51) expression -> . null_coalesce_expression
    (57) list -> . LBRACKET list_elements RBRACKET
    (52) map -> . LCURLY_BRACKET map_entries RCURLY_BRACKET
    (67) arithmetic_expr -> . logical_or_expression
    (62) null_value -> . NULL
    (42) ternary_expression -> . arithmetic_expr QUESTION expression COLON expression
    (43) null_coalesce_expression -> . expression NULLCOALESCE expression
    (68) logical_or_expression -> . logical_or_expression PARALLEL logical_and_expression
    (69) logical_or_expression -> . logical_and_expression
    (70) logical_and_expression -> . logical_and_expression LOGICAL_AND bitwise_or_expression
    (71) logical_and_expression -> . bitwise_or_expression
    (72) bitwise_or_expression -> . bitwise_or_expression BITWISE_OR bitwise_xor_expression
    (73) bitwise_or_expression -> . bitwise_xor_expression
    (74) bitwise_xor_expression -> . bitwise_xor_expression BITWISE_XOR bitwise_and_expression
    (75) bitwise_xor_expression -> . bitwise_and_expression
    (76) bitwise_and_expression -> . bitwise_and_expression BITWISE_AND arith_comparison_expression
    (77) bitwise_and_expression -> . arith_comparison_expression
    (78) arith_comparison_expression -> . arith_comparison_expression EQ shift_expression
    (79) arith_comparison_expression -> . arith_comparison_expression NE shift_expression
    (80) arith_comparison_expression -> . arith_comparison_expression LANGLE shift_expression
    (81) arith_comparison_expression -> . arith_comparison_expression RANGLE shift_expression
    (82) arith_comparison_expression -> . arith_comparison_expression LE shift_expression
    (83) arith_comparison_expression -> . arith_comparison_expression GE shift_expression
    (84) arith_comparison_expression -> . shift_expression
    (85) shift_expression -> . shift_expression LSHL additive_expression
    (86) shift_expression -> . shift_expression LSHR additive_expression
    (87) shift_expression -> . shift_expression ASHR additive_expression
    (88) shift_expression -> . additive_expression
    (89) additive_expression -> . additive_expression PLUS multiplicative_expression
    (90) additive_expression -> . additive_expression MINUS multiplicative_expression
    (91) additive_expression -> . multiplicative_expression
    (92) multiplicative_expression -> . multiplicative_expression DIV unary_expression
    (93) multiplicative_expression -> . multiplicative_expression MOD unary_expression
    (94) multiplicative_expression -> . multiplicative_expression RETRY unary_expression
    (95) multiplicative_expression -> . unary_expression
    (96) unary_expression -> . LOGICAL_NOT unary_expression
    (97) unary_expression -> . BITWISE_NOT unary_expression
    (98) unary_expression -> . MINUS unary_expression
    (99) unary_expression -> . primary_expression
    (100) primary_expression -> . LPAREN expression RPAREN
    (101) primary_expression -> . arithmetic_factor
    (102) arithmetic_factor -> . INT
    (103) arithmetic_factor -> . FLOAT
    (104) arithmetic_factor -> . BOOLEAN
    (105) arithmetic_factor -> . STRING_LITERAL
    (106) arithmetic_factor -> . variable_reference
    (63) variable_reference -> . VAR_ACCESS
    (64) variable_reference -> . VAR_ACCESS DOT IDENTIFIER
    (65) variable_reference -> . VAR_ACCESS LBRACKET expression RBRACKET

    LBRACKET        shift and go to state 48
    LCURLY_BRACKET  shift and go to state 49
    NULL            shift and go to state 51
    LOGICAL_NOT     shift and go to state 62
    BITWISE_NOT     shift and go to state 63
    MINUS           shift and go to state 60
    LPAREN          shift and go to state 65
    INT             shift and go to state 67
    FLOAT           shift and go to state 68
    BOOLEAN         shift and go to state 69
    STRING_LITERAL  shift and go to state 70
    VAR_ACCESS      shift and go to state 72

    expression                     shift and go to state 173
    list                           shift and go to state 42
    map                            shift and go to state 43
    arithmetic_expr                shift and go to state 44
    null_value                     shift and go to state 45
    ternary_expression             shift and go to state 46
    null_coalesce_expression       shift and go to state 47
    logical_or_expression          shift and go to state 50
    logical_and_expression         shift and go to state 52
    bitwise_or_expression          shift and go to state 53
    bitwise_xor_expression         shift and go to state 54
    bitwise_and_expression         shift and go to state 55
    arith_comparison_expression    shift and go to state 56
    shift_expression               shift and go to state 57
    additive_expression            shift and go to state 58
    multiplicative_expression      shift and go to state 59
    unary_expression               shift and go to state 61
    primary_expression             shift and go to state 64
    arithmetic_factor              shift and go to state 66
    variable_reference             shift and go to state 71

state 141

    (68) logical_or_expression -> logical_or_expression PARALLEL logical_and_expression .
    (70) logical_and_expression -> logical_and_expression . LOGICAL_AND bitwise_or_expression

    PARALLEL        reduce using rule 68 (logical_or_expression -> logical_or_expression PARALLEL logical_and_expression .)
    QUESTION        reduce using rule 68 (logical_or_expression -> logical_or_expression PARALLEL logical_and_expression .)
    NULLCOALESCE    reduce using rule 68 (logical_or_expression -> logical_or_expression PARALLEL logical_and_expression .)
    VAR_DECL        reduce using rule 68 (logical_or_expression -> logical_or_expression PARALLEL logical_and_expression .)
    LPAREN          reduce using rule 68 (logical_or_expression -> logical_or_expression PARALLEL logical_and_expression .)
    IDENTIFIER      reduce using rule 68 (logical_or_expression -> logical_or_expression PARALLEL logical_and_expression .)
    LCURLY_BRACKET  reduce using rule 68 (logical_or_expression -> logical_or_expression PARALLEL logical_and_expression .)
    MAP             reduce using rule 68 (logical_or_expression -> logical_or_expression PARALLEL logical_and_expression .)
    FILTER          reduce using rule 68 (logical_or_expression -> logical_or_expression PARALLEL logical_and_expression .)
    REDUCE          reduce using rule 68 (logical_or_expression -> logical_or_expression PARALLEL logical_and_expression .)
    FOREACH         reduce using rule 68 (logical_or_expression -> logical_or_expression PARALLEL logical_and_expression .)
    FLATMAP         reduce using rule 68 (logical_or_expression -> logical_or_expression PARALLEL logical_and_expression .)
    FANOUT          reduce using rule 68 (logical_or_expression -> logical_or_expression PARALLEL logical_and_expression .)
    $end            reduce using rule 68 (logical_or_expression -> logical_or_expression PARALLEL logical_and_expression .)
    RBRACKET        reduce using rule 68 (logical_or_expression -> logical_or_expression PARALLEL logical_and_expression .)
    SEPARATOR       reduce using rule 68 (logical_or_expression -> logical_or_expression PARALLEL logical_and_expression .)
    RPAREN          reduce using rule 68 (logical_or_expression -> logical_or_expression PARALLEL logical_and_expression .)
    COLON           reduce using rule 68 (logical_or_expression -> logical_or_expression PARALLEL logical_and_expression .)
    RCURLY_BRACKET  reduce using rule 68 (logical_or_expression -> logical_or_expression PARALLEL logical_and_expression .)
    LOGICAL_AND     shift and go to state 99


state 142

    (70) logical_and_expression -> logical_and_expression LOGICAL_AND bitwise_or_expression .
    (72) bitwise_or_expression -> bitwise_or_expression . BITWISE_OR bitwise_xor_expression

    LOGICAL_AND     reduce using rule 70 (logical_and_expression -> logical_and_expression LOGICAL_AND bitwise_or_expression .)
    PARALLEL        reduce using rule 70 (logical_and_expression -> logical_and_expression LOGICAL_AND bitwise_or_expression .)
    QUESTION        reduce using rule 70 (logical_and_expression -> logical_and_expression LOGICAL_AND bitwise_or_expression .)
    NULLCOALESCE    reduce using rule 70 (logical_and_expression -> logical_and_expression LOGICAL_AND bitwise_or_expression .)
    VAR_DECL        reduce using rule 70 (logical_and_expression -> logical_and_expression LOGICAL_AND bitwise_or_expression .)
    LPAREN          reduce using rule 70 (logical_and_expression -> logical_and_expression LOGICAL_AND bitwise_or_expression .)
    IDENTIFIER      reduce using rule 70 (logical_and_expression -> logical_and_expression LOGICAL_AND bitwise_or_expression .)
    LCURLY_BRACKET  reduce using rule 70 (logical_and_expression -> logical_and_expression LOGICAL_AND bitwise_or_expression .)
    MAP             reduce using rule 70 (logical_and_expression -> logical_and_expression LOGICAL_AND bitwise_or_expression .)
    FILTER          reduce using rule 70 (logical_and_expression -> logical_and_expression LOGICAL_AND bitwise_or_expression .)
    REDUCE          reduce using rule 70 (logical_and_expression -> logical_and_expression LOGICAL_AND bitwise_or_expression .)
    FOREACH         reduce using rule 70 (logical_and_expression -> logical_and_expression LOGICAL_AND bitwise_or_expression .)
    FLATMAP         reduce using rule 70 (logical_and_expression -> logical_and_expression LOGICAL_AND bitwise_or_expression .)
    FANOUT          reduce using rule 70 (logical_and_expression -> logical_and_expression LOGICAL_AND bitwise_or_expression .)
    $end            reduce using rule 70 (logical_and_expression -> logical_and_expression LOGICAL_AND bitwise_or_expression .)
    RBRACKET        reduce using rule 70 (logical_and_expression -> logical_and_expression LOGICAL_AND bitwise_or_expression .)
    SEPARATOR       reduce using rule 70 (logical_and_expression -> logical_and_expression LOGICAL_AND bitwise_or_expression .)
    RPAREN          reduce using rule 70 (logical_and_expression -> logical_and_expression LOGICAL_AND bitwise_or_expression .)
    COLON           reduce using rule 70 (logical_and_expression -> logical_and_expression LOGICAL_AND bitwise_or_expression .)
    RCURLY_BRACKET  reduce using rule 70 (logical_and_expression -> logical_and_expression LOGICAL_AND bitwise_or_expression .)
    BITWISE_OR      shift and go to state 100


state 143

    (72) bitwise_or_expression -> bitwise_or_expression BITWISE_OR bitwise_xor_expression .
    (74) bitwise_xor_expression -> bitwise_xor_expression . BITWISE_XOR bitwise_and_expression

    BITWISE_OR      reduce using rule 72 (bitwise_or_expression -> bitwise_or_expression BITWISE_OR bitwise_xor_expression .)
    LOGICAL_AND     reduce using rule 72 (bitwise_or_expression -> bitwise_or_expression BITWISE_OR bitwise_xor_expression .)
    PARALLEL        reduce using rule 72 (bitwise_or_expression -> bitwise_or_expression BITWISE_OR bitwise_xor_expression .)
    QUESTION        reduce using rule 72 (bitwise_or_expression -> bitwise_or_expression BITWISE_OR bitwise_xor_expression .)
    NULLCOALESCE    reduce using rule 72 (bitwise_or_expression -> bitwise_or_expression BITWISE_OR bitwise_xor_expression .)
    VAR_DECL        reduce using rule 72 (bitwise_or_expression -> bitwise_or_expression BITWISE_OR bitwise_xor_expression .)
    LPAREN          reduce using rule 72 (bitwise_or_expression -> bitwise_or_expression BITWISE_OR bitwise_xor_expression .)
    IDENTIFIER      reduce using rule 72 (bitwise_or_expression -> bitwise_or_expression BITWISE_OR bitwise_xor_expression .)
    LCURLY_BRACKET  reduce using rule 72 (bitwise_or_expression -> bitwise_or_expression BITWISE_OR bitwise_xor_expression .)
    MAP             reduce using rule 72 (bitwise_or_expression -> bitwise_or_expression BITWISE_OR bitwise_xor_expression .)
    FILTER          reduce using rule 72 (bitwise_or_expression -> bitwise_or_expression BITWISE_OR bitwise_xor_expression .)
    REDUCE          reduce using rule 72 (bitwise_or_expression -> bitwise_or_expression BITWISE_OR bitwise_xor_expression .)
    FOREACH         reduce using rule 72 (bitwise_or_expression -> bitwise_or_expression BITWISE_OR bitwise_xor_expression .)
    FLATMAP         reduce using rule 72 (bitwise_or_expression -> bitwise_or_expression BITWISE_OR bitwise_xor_expression .)
    FANOUT          reduce using rule 72 (bitwise_or_expression -> bitwise_or_expression BITWISE_OR bitwise_xor_expression .)
    $end            reduce using rule 72 (bitwise_or_expression -> bitwise_or_expression BITWISE_OR bitwise_xor_expression .)
    RBRACKET        reduce using rule 72 (bitwise_or_expression -> bitwise_or_expression BITWISE_OR bitwise_xor_expression .)
    SEPARATOR       reduce using rule 72 (bitwise_or_expression -> bitwise_or_expression BITWISE_OR bitwise_xor_expression .)
    RPAREN          reduce using rule 72 (bitwise_or_expression -> bitwise_or_expression BITWISE_OR bitwise_xor_expression .)
    COLON           reduce using rule 72 (bitwise_or_expression -> bitwise_or_expression BITWISE_OR bitwise_xor_expression .)
    RCURLY_BRACKET  reduce using rule 72 (bitwise_or_expression -> bitwise_or_expression BITWISE_OR bitwise_xor_expression .)
    BITWISE_XOR     shift and go to state 101


state 144

    (74) bitwise_xor_expression -> bitwise_xor_expression BITWISE_XOR bitwise_and_expression .
    (76) bitwise_and_expression -> bitwise_and_expression . BITWISE_AND arith_comparison_expression

    BITWISE_XOR     reduce using rule 74 (bitwise_xor_expression -> bitwise_xor_expression BITWISE_XOR bitwise_and_expression .)
    BITWISE_OR      reduce using rule 74 (bitwise_xor_expression -> bitwise_xor_expression BITWISE_XOR bitwise_and_expression .)
    LOGICAL_AND     reduce using rule 74 (bitwise_xor_expression -> bitwise_xor_expression BITWISE_XOR bitwise_and_expression .)
    PARALLEL        reduce using rule 74 (bitwise_xor_expression -> bitwise_xor_expression BITWISE_XOR bitwise_and_expression .)
    QUESTION        reduce using rule 74 (bitwise_xor_expression -> bitwise_xor_expression BITWISE_XOR bitwise_and_expression .)
    NULLCOALESCE    reduce using rule 74 (bitwise_xor_expression -> bitwise_xor_expression BITWISE_XOR bitwise_and_expression .)
    VAR_DECL        reduce using rule 74 (bitwise_xor_expression -> bitwise_xor_expression BITWISE_XOR bitwise_and_expression .)
    LPAREN          reduce using rule 74 (bitwise_xor_expression -> bitwise_xor_expression BITWISE_XOR bitwise_and_expression .)
    IDENTIFIER      reduce using rule 74 (bitwise_xor_expression -> bitwise_xor_expression BITWISE_XOR bitwise_and_expression .)
    LCURLY_BRACKET  reduce using rule 74 (bitwise_xor_expression -> bitwise_xor_expression BITWISE_XOR bitwise_and_expression .)
    MAP             reduce using rule 74 (bitwise_xor_expression -> bitwise_xor_expression BITWISE_XOR bitwise_and_expression .)
    FILTER          reduce using rule 74 (bitwise_xor_expression -> bitwise_xor_expression BITWISE_XOR bitwise_and_expression .)
    REDUCE          reduce using rule 74 (bitwise_xor_expression -> bitwise_xor_expression BITWISE_XOR bitwise_and_expression .)
    FOREACH         reduce using rule 74 (bitwise_xor_expression -> bitwise_xor_expression BITWISE_XOR bitwise_and_expression .)
    FLATMAP         reduce using rule 74 (bitwise_xor_expression -> bitwise_xor_expression BITWISE_XOR bitwise_and_expression .)
    FANOUT          reduce using rule 74 (bitwise_xor_expression -> bitwise_xor_expression BITWISE_XOR bitwise_and_expression .)
    $end            reduce using rule 74 (bitwise_xor_expression -> bitwise_xor_expression BITWISE_XOR bitwise_and_expression .)
    RBRACKET        reduce using rule 74 (bitwise_xor_expression -> bitwise_xor_expression BITWISE_XOR bitwise_and_expression .)
    SEPARATOR       reduce using rule 74 (bitwise_xor_expression -> bitwise_xor_expression BITWISE_XOR bitwise_and_expression .)
    RPAREN          reduce using rule 74 (bitwise_xor_expression -> bitwise_xor_expression BITWISE_XOR bitwise_and_expression .)
    COLON           reduce using rule 74 (bitwise_xor_expression -> bitwise_xor_expression BITWISE_XOR bitwise_and_expression .)
    RCURLY_BRACKET  reduce using rule 74 (bitwise_xor_expression -> bitwise_xor_expression BITWISE_XOR bitwise_and_expression .)
    BITWISE_AND     shift and go to state 102


state 145

    (76) bitwise_and_expression -> bitwise_and_expression BITWISE_AND arith_comparison_expression .
    (78) arith_comparison_expression -> arith_comparison_expression . EQ shift_expression
    (79) arith_comparison_expression -> arith_comparison_expression . NE shift_expression
    (80) arith_comparison_expression -> arith_comparison_expression . LANGLE shift_expression
    (81) arith_comparison_expression -> arith_comparison_expression . RANGLE shift_expression
    (82) arith_comparison_expression -> arith_comparison_expression . LE shift_expression
    (83) arith_comparison_expression -> arith_comparison_expression . GE shift_expression

    BITWISE_AND     reduce using rule 76 (bitwise_and_expression -> bitwise_and_expression BITWISE_AND arith_comparison_expression .)
    BITWISE_XOR     reduce using rule 76 (bitwise_and_expression -> bitwise_and_expression BITWISE_AND arith_comparison_expression .)
    BITWISE_OR      reduce using rule 76 (bitwise_and_expression -> bitwise_and_expression BITWISE_AND arith_comparison_expression .)
    LOGICAL_AND     reduce using rule 76 (bitwise_and_expression -> bitwise_and_expression BITWISE_AND arith_comparison_expression .)
    PARALLEL        reduce using rule 76 (bitwise_and_expression -> bitwise_and_expression BITWISE_AND arith_comparison_expression .)
    QUESTION        reduce using rule 76 (bitwise_and_expression -> bitwise_and_expression BITWISE_AND arith_comparison_expression .)
    NULLCOALESCE    reduce using rule 76 (bitwise_and_expression -> bitwise_and_expression BITWISE_AND arith_comparison_expression .)
    VAR_DECL        reduce using rule 76 (bitwise_and_expression -> bitwise_and_expression BITWISE_AND arith_comparison_expression .)
    LPAREN          reduce using rule 76 (bitwise_and_expression -> bitwise_and_expression BITWISE_AND arith_comparison_expression .)
    IDENTIFIER      reduce using rule 76 (bitwise_and_expression -> bitwise_and_expression BITWISE_AND arith_comparison_expression .)
    LCURLY_BRACKET  reduce using rule 76 (bitwise_and_expression -> bitwise_and_expression BITWISE_AND arith_comparison_expression .)
    MAP             reduce using rule 76 (bitwise_and_expression -> bitwise_and_expression BITWISE_AND arith_comparison_expression .)
    FILTER          reduce using rule 76 (bitwise_and_expression -> bitwise_and_expression BITWISE_AND arith_comparison_expression .)
    REDUCE          reduce using rule 76 (bitwise_and_expression -> bitwise_and_expression BITWISE_AND arith_comparison_expression .)
    FOREACH         reduce using rule 76 (bitwise_and_expression -> bitwise_and_expression BITWISE_AND arith_comparison_expression .)
    FLATMAP         reduce using rule 76 (bitwise_and_expression -> bitwise_and_expression BITWISE_AND arith_comparison_expression .)
    FANOUT          reduce using rule 76 (bitwise_and_expression -> bitwise_and_expression BITWISE_AND arith_comparison_expression .)
    $end            reduce using rule 76 (bitwise_and_expression -> bitwise_and_expression BITWISE_AND arith_comparison_expression .)
    RBRACKET        reduce using rule 76 (bitwise_and_expression -> bitwise_and_expression BITWISE_AND arith_comparison_expression .)
    SEPARATOR       reduce using rule 76 (bitwise_and_expression -> bitwise_and_expression BITWISE_AND arith_comparison_expression .)
    RPAREN          reduce using rule 76 (bitwise_and_expression -> bitwise_and_expression BITWISE_AND arith_comparison_expression .)
    COLON           reduce using rule 76 (bitwise_and_expression -> bitwise_and_expression BITWISE_AND arith_comparison_expression .)
    RCURLY_BRACKET  reduce using rule 76 (bitwise_and_expression -> bitwise_and_expression BITWISE_AND arith_comparison_expression .)
    EQ              shift and go to state 103
    NE              shift and go to state 104
    LANGLE          shift and go to state 105
    RANGLE          shift and go to state 106
    LE              shift and go to state 107
    GE              shift and go to state 108


state 146

    (78) arith_comparison_expression -> arith_comparison_expression EQ shift_expression .
    (85) shift_expression -> shift_expression . LSHL additive_expression
    (86) shift_expression -> shift_expression . LSHR additive_expression
    (87) shift_expression -> shift_expression . ASHR additive_expression

    EQ              reduce using rule 78 (arith_comparison_expression -> arith_comparison_expression EQ shift_expression .)
    NE              reduce using rule 78 (arith_comparison_expression -> arith_comparison_expression EQ shift_expression .)
    LANGLE          reduce using rule 78 (arith_comparison_expression -> arith_comparison_expression EQ shift_expression .)
    RANGLE          reduce using rule 78 (arith_comparison_expression -> arith_comparison_expression EQ shift_expression .)
    LE              reduce using rule 78 (arith_comparison_expression -> arith_comparison_expression EQ shift_expression .)
    GE              reduce using rule 78 (arith_comparison_expression -> arith_comparison_expression EQ shift_expression .)
    BITWISE_AND     reduce using rule 78 (arith_comparison_expression -> arith_comparison_expression EQ shift_expression .)
    BITWISE_XOR     reduce using rule 78 (arith_comparison_expression -> arith_comparison_expression EQ shift_expression .)
    BITWISE_OR      reduce using rule 78 (arith_comparison_expression -> arith_comparison_expression EQ shift_expression .)
    LOGICAL_AND     reduce using rule 78 (arith_comparison_expression -> arith_comparison_expression EQ shift_expression .)
    PARALLEL        reduce using rule 78 (arith_comparison_expression -> arith_comparison_expression EQ shift_expression .)
    QUESTION        reduce using rule 78 (arith_comparison_expression -> arith_comparison_expression EQ shift_expression .)
    NULLCOALESCE    reduce using rule 78 (arith_comparison_expression -> arith_comparison_expression EQ shift_expression .)
    VAR_DECL        reduce using rule 78 (arith_comparison_expression -> arith_comparison_expression EQ shift_expression .)
    LPAREN          reduce using rule 78 (arith_comparison_expression -> arith_comparison_expression EQ shift_expression .)
    IDENTIFIER      reduce using rule 78 (arith_comparison_expression -> arith_comparison_expression EQ shift_expression .)
    LCURLY_BRACKET  reduce using rule 78 (arith_comparison_expression -> arith_comparison_expression EQ shift_expression .)
    MAP             reduce using rule 78 (arith_comparison_expression -> arith_comparison_expression EQ shift_expression .)
    FILTER          reduce using rule 78 (arith_comparison_expression -> arith_comparison_expression EQ shift_expression .)
    REDUCE          reduce using rule 78 (arith_comparison_expression -> arith_comparison_expression EQ shift_expression .)
    FOREACH         reduce using rule 78 (arith_comparison_expression -> arith_comparison_expression EQ shift_expression .)
    FLATMAP         reduce using rule 78 (arith_comparison_expression -> arith_comparison_expression EQ shift_expression .)
    FANOUT          reduce using rule 78 (arith_comparison_expression -> arith_comparison_expression EQ shift_expression .)
    $end            reduce using rule 78 (arith_comparison_expression -> arith_comparison_expression EQ shift_expression .)
    RBRACKET        reduce using rule 78 (arith_comparison_expression -> arith_comparison_expression EQ shift_expression .)
    SEPARATOR       reduce using rule 78 (arith_comparison_expression -> arith_comparison_expression EQ shift_expression .)
    RPAREN          reduce using rule 78 (arith_comparison_expression -> arith_comparison_expression EQ shift_expression .)
    COLON           reduce using rule 78 (arith_comparison_expression -> arith_comparison_expression EQ shift_expression .)
    RCURLY_BRACKET  reduce using rule 78 (arith_comparison_expression -> arith_comparison_expression EQ shift_expression .)
    LSHL            shift and go to state 109
    LSHR            shift and go to state 110
    ASHR            shift and go to state 111


state 147

    (79) arith_comparison_expression -> arith_comparison_expression NE shift_expression .
    (85) shift_expression -> shift_expression . LSHL additive_expression
    (86) shift_expression -> shift_expression . LSHR additive_expression
    (87) shift_expression -> shift_expression . ASHR additive_expression

    EQ              reduce using rule 79 (arith_comparison_expression -> arith_comparison_expression NE shift_expression .)
    NE              reduce using rule 79 (arith_comparison_expression -> arith_comparison_expression NE shift_expression .)
    LANGLE          reduce using rule 79 (arith_comparison_expression -> arith_comparison_expression NE shift_expression .)
    RANGLE          reduce using rule 79 (arith_comparison_expression -> arith_comparison_expression NE shift_expression .)
    LE              reduce using rule 79 (arith_comparison_expression -> arith_comparison_expression NE shift_expression .)
    GE              reduce using rule 79 (arith_comparison_expression -> arith_comparison_expression NE shift_expression .)
    BITWISE_AND     reduce using rule 79 (arith_comparison_expression -> arith_comparison_expression NE shift_expression .)
    BITWISE_XOR     reduce using rule 79 (arith_comparison_expression -> arith_comparison_expression NE shift_expression .)
    BITWISE_OR      reduce using rule 79 (arith_comparison_expression -> arith_comparison_expression NE shift_expression .)
    LOGICAL_AND     reduce using rule 79 (arith_comparison_expression -> arith_comparison_expression NE shift_expression .)
    PARALLEL        reduce using rule 79 (arith_comparison_expression -> arith_comparison_expression NE shift_expression .)
    QUESTION        reduce using rule 79 (arith_comparison_expression -> arith_comparison_expression NE shift_expression .)
    NULLCOALESCE    reduce using rule 79 (arith_comparison_expression -> arith_comparison_expression NE shift_expression .)
    VAR_DECL        reduce using rule 79 (arith_comparison_expression -> arith_comparison_expression NE shift_expression .)
    LPAREN          reduce using rule 79 (arith_comparison_expression -> arith_comparison_expression NE shift_expression .)
    IDENTIFIER      reduce using rule 79 (arith_comparison_expression -> arith_comparison_expression NE shift_expression .)
    LCURLY_BRACKET  reduce using rule 79 (arith_comparison_expression -> arith_comparison_expression NE shift_expression .)
    MAP             reduce using rule 79 (arith_comparison_expression -> arith_comparison_expression NE shift_expression .)
    FILTER          reduce using rule 79 (arith_comparison_expression -> arith_comparison_expression NE shift_expression .)
    REDUCE          reduce using rule 79 (arith_comparison_expression -> arith_comparison_expression NE shift_expression .)
    FOREACH         reduce using rule 79 (arith_comparison_expression -> arith_comparison_expression NE shift_expression .)
    FLATMAP         reduce using rule 79 (arith_comparison_expression -> arith_comparison_expression NE shift_expression .)
    FANOUT          reduce using rule 79 (arith_comparison_expression -> arith_comparison_expression NE shift_expression .)
    $end            reduce using rule 79 (arith_comparison_expression -> arith_comparison_expression NE shift_expression .)
    RBRACKET        reduce using rule 79 (arith_comparison_expression -> arith_comparison_expression NE shift_expression .)
    SEPARATOR       reduce using rule 79 (arith_comparison_expression -> arith_comparison_expression NE shift_expression .)
    RPAREN          reduce using rule 79 (arith_comparison_expression -> arith_comparison_expression NE shift_expression .)
    COLON           reduce using rule 79 (arith_comparison_expression -> arith_comparison_expression NE shift_expression .)
    RCURLY_BRACKET  reduce using rule 79 (arith_comparison_expression -> arith_comparison_expression NE shift_expression .)
    LSHL            shift and go to state 109
    LSHR            shift and go to state 110
    ASHR            shift and go to state 111


state 148

    (80) arith_comparison_expression -> arith_comparison_expression LANGLE shift_expression .
    (85) shift_expression -> shift_expression . LSHL additive_expression
    (86) shift_expression -> shift_expression . LSHR additive_expression
    (87) shift_expression -> shift_expression . ASHR additive_expression

    EQ              reduce using rule 80 (arith_comparison_expression -> arith_comparison_expression LANGLE shift_expression .)
    NE              reduce using rule 80 (arith_comparison_expression -> arith_comparison_expression LANGLE shift_expression .)
    LANGLE          reduce using rule 80 (arith_comparison_expression -> arith_comparison_expression LANGLE shift_expression .)
    RANGLE          reduce using rule 80 (arith_comparison_expression -> arith_comparison_expression LANGLE shift_expression .)
    LE              reduce using rule 80 (arith_comparison_expression -> arith_comparison_expression LANGLE shift_expression .)
    GE              reduce using rule 80 (arith_comparison_expression -> arith_comparison_expression LANGLE shift_expression .)
    BITWISE_AND     reduce using rule 80 (arith_comparison_expression -> arith_comparison_expression LANGLE shift_expression .)
    BITWISE_XOR     reduce using rule 80 (arith_comparison_expression -> arith_comparison_expression LANGLE shift_expression .)
    BITWISE_OR      reduce using rule 80 (arith_comparison_expression -> arith_comparison_expression LANGLE shift_expression .)
    LOGICAL_AND     reduce using rule 80 (arith_comparison_expression -> arith_comparison_expression LANGLE shift_expression .)
    PARALLEL        reduce using rule 80 (arith_comparison_expression -> arith_comparison_expression LANGLE shift_expression .)
    QUESTION        reduce using rule 80 (arith_comparison_expression -> arith_comparison_expression LANGLE shift_expression .)
    NULLCOALESCE    reduce using rule 80 (arith_comparison_expression -> arith_comparison_expression LANGLE shift_expression .)
    VAR_DECL        reduce using rule 80 (arith_comparison_expression -> arith_comparison_expression LANGLE shift_expression .)
    LPAREN          reduce using rule 80 (arith_comparison_expression -> arith_comparison_expression LANGLE shift_expression .)
    IDENTIFIER      reduce using rule 80 (arith_comparison_expression -> arith_comparison_expression LANGLE shift_expression .)
    LCURLY_BRACKET  reduce using rule 80 (arith_comparison_expression -> arith_comparison_expression LANGLE shift_expression .)
    MAP             reduce using rule 80 (arith_comparison_expression -> arith_comparison_expression LANGLE shift_expression .)
    FILTER          reduce using rule 80 (arith_comparison_expression -> arith_comparison_expression LANGLE shift_expression .)
    REDUCE          reduce using rule 80 (arith_comparison_expression -> arith_comparison_expression LANGLE shift_expression .)
    FOREACH         reduce using rule 80 (arith_comparison_expression -> arith_comparison_expression LANGLE shift_expression .)
    FLATMAP         reduce using rule 80 (arith_comparison_expression -> arith_comparison_expression LANGLE shift_expression .)
    FANOUT          reduce using rule 80 (arith_comparison_expression -> arith_comparison_expression LANGLE shift_expression .)
    $end            reduce using rule 80 (arith_comparison_expression -> arith_comparison_expression LANGLE shift_expression .)
    RBRACKET        reduce using rule 80 (arith_comparison_expression -> arith_comparison_expression LANGLE shift_expression .)
    SEPARATOR       reduce using rule 80 (arith_comparison_expression -> arith_comparison_expression LANGLE shift_expression .)
    RPAREN          reduce using rule 80 (arith_comparison_expression -> arith_comparison_expression LANGLE shift_expression .)
    COLON           reduce using rule 80 (arith_comparison_expression -> arith_comparison_expression LANGLE shift_expression .)
    RCURLY_BRACKET  reduce using rule 80 (arith_comparison_expression -> arith_comparison_expression LANGLE shift_expression .)
    LSHL            shift and go to state 109
    LSHR            shift and go to state 110
    ASHR            shift and go to state 111


state 149

    (81) arith_comparison_expression -> arith_comparison_expression RANGLE shift_expression .
    (85) shift_expression -> shift_expression . LSHL additive_expression
    (86) shift_expression -> shift_expression . LSHR additive_expression
    (87) shift_expression -> shift_expression . ASHR additive_expression

    EQ              reduce using rule 81 (arith_comparison_expression -> arith_comparison_expression RANGLE shift_expression .)
    NE              reduce using rule 81 (arith_comparison_expression -> arith_comparison_expression RANGLE shift_expression .)
    LANGLE          reduce using rule 81 (arith_comparison_expression -> arith_comparison_expression RANGLE shift_expression .)
    RANGLE          reduce using rule 81 (arith_comparison_expression -> arith_comparison_expression RANGLE shift_expression .)
    LE              reduce using rule 81 (arith_comparison_expression -> arith_comparison_expression RANGLE shift_expression .)
    GE              reduce using rule 81 (arith_comparison_expression -> arith_comparison_expression RANGLE shift_expression .)
    BITWISE_AND     reduce using rule 81 (arith_comparison_expression -> arith_comparison_expression RANGLE shift_expression .)
    BITWISE_XOR     reduce using rule 81 (arith_comparison_expression -> arith_comparison_expression RANGLE shift_expression .)
    BITWISE_OR      reduce using rule 81 (arith_comparison_expression -> arith_comparison_expression RANGLE shift_expression .)
    LOGICAL_AND     reduce using rule 81 (arith_comparison_expression -> arith_comparison_expression RANGLE shift_expression .)
    PARALLEL        reduce using rule 81 (arith_comparison_expression -> arith_comparison_expression RANGLE shift_expression .)
    QUESTION        reduce using rule 81 (arith_comparison_expression -> arith_comparison_expression RANGLE shift_expression .)
    NULLCOALESCE    reduce using rule 81 (arith_comparison_expression -> arith_comparison_expression RANGLE shift_expression .)
    VAR_DECL        reduce using rule 81 (arith_comparison_expression -> arith_comparison_expression RANGLE shift_expression .)
    LPAREN          reduce using rule 81 (arith_comparison_expression -> arith_comparison_expression RANGLE shift_expression .)
    IDENTIFIER      reduce using rule 81 (arith_comparison_expression -> arith_comparison_expression RANGLE shift_expression .)
    LCURLY_BRACKET  reduce using rule 81 (arith_comparison_expression -> arith_comparison_expression RANGLE shift_expression .)
    MAP             reduce using rule 81 (arith_comparison_expression -> arith_comparison_expression RANGLE shift_expression .)
    FILTER          reduce using rule 81 (arith_comparison_expression -> arith_comparison_expression RANGLE shift_expression .)
    REDUCE          reduce using rule 81 (arith_comparison_expression -> arith_comparison_expression RANGLE shift_expression .)
    FOREACH         reduce using rule 81 (arith_comparison_expression -> arith_comparison_expression RANGLE shift_expression .)
    FLATMAP         reduce using rule 81 (arith_comparison_expression -> arith_comparison_expression RANGLE shift_expression .)
    FANOUT          reduce using rule 81 (arith_comparison_expression -> arith_comparison_expression RANGLE shift_expression .)
    $end            reduce using rule 81 (arith_comparison_expression -> arith_comparison_expression RANGLE shift_expression .)
    RBRACKET        reduce using rule 81 (arith_comparison_expression -> arith_comparison_expression RANGLE shift_expression .)
    SEPARATOR       reduce using rule 81 (arith_comparison_expression -> arith_comparison_expression RANGLE shift_expression .)
    RPAREN          reduce using rule 81 (arith_comparison_expression -> arith_comparison_expression RANGLE shift_expression .)
    COLON           reduce using rule 81 (arith_comparison_expression -> arith_comparison_expression RANGLE shift_expression .)
    RCURLY_BRACKET  reduce using rule 81 (arith_comparison_expression -> arith_comparison_expression RANGLE shift_expression .)
    LSHL            shift and go to state 109
    LSHR            shift and go to state 110
    ASHR            shift and go to state 111


state 150

    (82) arith_comparison_expression -> arith_comparison_expression LE shift_expression .
    (85) shift_expression -> shift_expression . LSHL additive_expression
    (86) shift_expression -> shift_expression . LSHR additive_expression
    (87) shift_expression -> shift_expression . ASHR additive_expression

    EQ              reduce using rule 82 (arith_comparison_expression -> arith_comparison_expression LE shift_expression .)
    NE              reduce using rule 82 (arith_comparison_expression -> arith_comparison_expression LE shift_expression .)
    LANGLE          reduce using rule 82 (arith_comparison_expression -> arith_comparison_expression LE shift_expression .)
    RANGLE          reduce using rule 82 (arith_comparison_expression -> arith_comparison_expression LE shift_expression .)
    LE              reduce using rule 82 (arith_comparison_expression -> arith_comparison_expression LE shift_expression .)
    GE              reduce using rule 82 (arith_comparison_expression -> arith_comparison_expression LE shift_expression .)
    BITWISE_AND     reduce using rule 82 (arith_comparison_expression -> arith_comparison_expression LE shift_expression .)
    BITWISE_XOR     reduce using rule 82 (arith_comparison_expression -> arith_comparison_expression LE shift_expression .)
    BITWISE_OR      reduce using rule 82 (arith_comparison_expression -> arith_comparison_expression LE shift_expression .)
    LOGICAL_AND     reduce using rule 82 (arith_comparison_expression -> arith_comparison_expression LE shift_expression .)
    PARALLEL        reduce using rule 82 (arith_comparison_expression -> arith_comparison_expression LE shift_expression .)
    QUESTION        reduce using rule 82 (arith_comparison_expression -> arith_comparison_expression LE shift_expression .)
    NULLCOALESCE    reduce using rule 82 (arith_comparison_expression -> arith_comparison_expression LE shift_expression .)
    VAR_DECL        reduce using rule 82 (arith_comparison_expression -> arith_comparison_expression LE shift_expression .)
    LPAREN          reduce using rule 82 (arith_comparison_expression -> arith_comparison_expression LE shift_expression .)
    IDENTIFIER      reduce using rule 82 (arith_comparison_expression -> arith_comparison_expression LE shift_expression .)
    LCURLY_BRACKET  reduce using rule 82 (arith_comparison_expression -> arith_comparison_expression LE shift_expression .)
    MAP             reduce using rule 82 (arith_comparison_expression -> arith_comparison_expression LE shift_expression .)
    FILTER          reduce using rule 82 (arith_comparison_expression -> arith_comparison_expression LE shift_expression .)
    REDUCE          reduce using rule 82 (arith_comparison_expression -> arith_comparison_expression LE shift_expression .)
    FOREACH         reduce using rule 82 (arith_comparison_expression -> arith_comparison_expression LE shift_expression .)
    FLATMAP         reduce using rule 82 (arith_comparison_expression -> arith_comparison_expression LE shift_expression .)
    FANOUT          reduce using rule 82 (arith_comparison_expression -> arith_comparison_expression LE shift_expression .)
    $end            reduce using rule 82 (arith_comparison_expression -> arith_comparison_expression LE shift_expression .)
    RBRACKET        reduce using rule 82 (arith_comparison_expression -> arith_comparison_expression LE shift_expression .)
    SEPARATOR       reduce using rule 82 (arith_comparison_expression -> arith_comparison_expression LE shift_expression .)
    RPAREN          reduce using rule 82 (arith_comparison_expression -> arith_comparison_expression LE shift_expression .)
    COLON           reduce using rule 82 (arith_comparison_expression -> arith_comparison_expression LE shift_expression .)
    RCURLY_BRACKET  reduce using rule 82 (arith_comparison_expression -> arith_comparison_expression LE shift_expression .)
    LSHL            shift and go to state 109
    LSHR            shift and go to state 110
    ASHR            shift and go to state 111


state 151

    (83) arith_comparison_expression -> arith_comparison_expression GE shift_expression .
    (85) shift_expression -> shift_expression . LSHL additive_expression
    (86) shift_expression -> shift_expression . LSHR additive_expression
    (87) shift_expression -> shift_expression . ASHR additive_expression

    EQ              reduce using rule 83 (arith_comparison_expression -> arith_comparison_expression GE shift_expression .)
    NE              reduce using rule 83 (arith_comparison_expression -> arith_comparison_expression GE shift_expression .)
    LANGLE          reduce using rule 83 (arith_comparison_expression -> arith_comparison_expression GE shift_expression .)
    RANGLE          reduce using rule 83 (arith_comparison_expression -> arith_comparison_expression GE shift_expression .)
    LE              reduce using rule 83 (arith_comparison_expression -> arith_comparison_expression GE shift_expression .)
    GE              reduce using rule 83 (arith_comparison_expression -> arith_comparison_expression GE shift_expression .)
    BITWISE_AND     reduce using rule 83 (arith_comparison_expression -> arith_comparison_expression GE shift_expression .)
    BITWISE_XOR     reduce using rule 83 (arith_comparison_expression -> arith_comparison_expression GE shift_expression .)
    BITWISE_OR      reduce using rule 83 (arith_comparison_expression -> arith_comparison_expression GE shift_expression .)
    LOGICAL_AND     reduce using rule 83 (arith_comparison_expression -> arith_comparison_expression GE shift_expression .)
    PARALLEL        reduce using rule 83 (arith_comparison_expression -> arith_comparison_expression GE shift_expression .)
    QUESTION        reduce using rule 83 (arith_comparison_expression -> arith_comparison_expression GE shift_expression .)
    NULLCOALESCE    reduce using rule 83 (arith_comparison_expression -> arith_comparison_expression GE shift_expression .)
    VAR_DECL        reduce using rule 83 (arith_comparison_expression -> arith_comparison_expression GE shift_expression .)
    LPAREN          reduce using rule 83 (arith_comparison_expression -> arith_comparison_expression GE shift_expression .)
    IDENTIFIER      reduce using rule 83 (arith_comparison_expression -> arith_comparison_expression GE shift_expression .)
    LCURLY_BRACKET  reduce using rule 83 (arith_comparison_expression -> arith_comparison_expression GE shift_expression .)
    MAP             reduce using rule 83 (arith_comparison_expression -> arith_comparison_expression GE shift_expression .)
    FILTER          reduce using rule 83 (arith_comparison_expression -> arith_comparison_expression GE shift_expression .)
    REDUCE          reduce using rule 83 (arith_comparison_expression -> arith_comparison_expression GE shift_expression .)
    FOREACH         reduce using rule 83 (arith_comparison_expression -> arith_comparison_expression GE shift_expression .)
    FLATMAP         reduce using rule 83 (arith_comparison_expression -> arith_comparison_expression GE shift_expression .)
    FANOUT          reduce using rule 83 (arith_comparison_expression -> arith_comparison_expression GE shift_expression .)
    $end            reduce using rule 83 (arith_comparison_expression -> arith_comparison_expression GE shift_expression .)
    RBRACKET        reduce using rule 83 (arith_comparison_expression -> arith_comparison_expression GE shift_expression .)
    SEPARATOR       reduce using rule 83 (arith_comparison_expression -> arith_comparison_expression GE shift_expression .)
    RPAREN          reduce using rule 83 (arith_comparison_expression -> arith_comparison_expression GE shift_expression .)
    COLON           reduce using rule 83 (arith_comparison_expression -> arith_comparison_expression GE shift_expression .)
    RCURLY_BRACKET  reduce using rule 83 (arith_comparison_expression -> arith_comparison_expression GE shift_expression .)
    LSHL            shift and go to state 109
    LSHR            shift and go to state 110
    ASHR            shift and go to state 111


state 152

    (85) shift_expression -> shift_expression LSHL additive_expression .
    (89) additive_expression -> additive_expression . PLUS multiplicative_expression
    (90) additive_expression -> additive_expression . MINUS multiplicative_expression

    LSHL            reduce using rule 85 (shift_expression -> shift_expression LSHL additive_expression .)
    LSHR            reduce using rule 85 (shift_expression -> shift_expression LSHL additive_expression .)
    ASHR            reduce using rule 85 (shift_expression -> shift_expression LSHL additive_expression .)
    EQ              reduce using rule 85 (shift_expression -> shift_expression LSHL additive_expression .)
    NE              reduce using rule 85 (shift_expression -> shift_expression LSHL additive_expression .)
    LANGLE          reduce using rule 85 (shift_expression -> shift_expression LSHL additive_expression .)
    RANGLE          reduce using rule 85 (shift_expression -> shift_expression LSHL additive_expression .)
    LE              reduce using rule 85 (shift_expression -> shift_expression LSHL additive_expression .)
    GE              reduce using rule 85 (shift_expression -> shift_expression LSHL additive_expression .)
    BITWISE_AND     reduce using rule 85 (shift_expression -> shift_expression LSHL additive_expression .)
    BITWISE_XOR     reduce using rule 85 (shift_expression -> shift_expression LSHL additive_expression .)
    BITWISE_OR      reduce using rule 85 (shift_expression -> shift_expression LSHL additive_expression .)
    LOGICAL_AND     reduce using rule 85 (shift_expression -> shift_expression LSHL additive_expression .)
    PARALLEL        reduce using rule 85 (shift_expression -> shift_expression LSHL additive_expression .)
    QUESTION        reduce using rule 85 (shift_expression -> shift_expression LSHL additive_expression .)
    NULLCOALESCE    reduce using rule 85 (shift_expression -> shift_expression LSHL additive_expression .)
    VAR_DECL        reduce using rule 85 (shift_expression -> shift_expression LSHL additive_expression .)
    LPAREN          reduce using rule 85 (shift_expression -> shift_expression LSHL additive_expression .)
    IDENTIFIER      reduce using rule 85 (shift_expression -> shift_expression LSHL additive_expression .)
    LCURLY_BRACKET  reduce using rule 85 (shift_expression -> shift_expression LSHL additive_expression .)
    MAP             reduce using rule 85 (shift_expression -> shift_expression LSHL additive_expression .)
    FILTER          reduce using rule 85 (shift_expression -> shift_expression LSHL additive_expression .)
    REDUCE          reduce using rule 85 (shift_expression -> shift_expression LSHL additive_expression .)
    FOREACH         reduce using rule 85 (shift_expression -> shift_expression LSHL additive_expression .)
    FLATMAP         reduce using rule 85 (shift_expression -> shift_expression LSHL additive_expression .)
    FANOUT          reduce using rule 85 (shift_expression -> shift_expression LSHL additive_expression .)
    $end            reduce using rule 85 (shift_expression -> shift_expression LSHL additive_expression .)
    RBRACKET        reduce using rule 85 (shift_expression -> shift_expression LSHL additive_expression .)
    SEPARATOR       reduce using rule 85 (shift_expression -> shift_expression LSHL additive_expression .)
    RPAREN          reduce using rule 85 (shift_expression -> shift_expression LSHL additive_expression .)
    COLON           reduce using rule 85 (shift_expression -> shift_expression LSHL additive_expression .)
    RCURLY_BRACKET  reduce using rule 85 (shift_expression -> shift_expression LSHL additive_expression .)
    PLUS            shift and go to state 112
    MINUS           shift and go to state 113


state 153

    (86) shift_expression -> shift_expression LSHR additive_expression .
    (89) additive_expression -> additive_expression . PLUS multiplicative_expression
    (90) additive_expression -> additive_expression . MINUS multiplicative_expression

    LSHL            reduce using rule 86 (shift_expression -> shift_expression LSHR additive_expression .)
    LSHR            reduce using rule 86 (shift_expression -> shift_expression LSHR additive_expression .)
    ASHR            reduce using rule 86 (shift_expression -> shift_expression LSHR additive_expression .)
    EQ              reduce using rule 86 (shift_expression -> shift_expression LSHR additive_expression .)
    NE              reduce using rule 86 (shift_expression -> shift_expression LSHR additive_expression .)
    LANGLE          reduce using rule 86 (shift_expression -> shift_expression LSHR additive_expression .)
    RANGLE          reduce using rule 86 (shift_expression -> shift_expression LSHR additive_expression .)
    LE              reduce using rule 86 (shift_expression -> shift_expression LSHR additive_expression .)
    GE              reduce using rule 86 (shift_expression -> shift_expression LSHR additive_expression .)
    BITWISE_AND     reduce using rule 86 (shift_expression -> shift_expression LSHR additive_expression .)
    BITWISE_XOR     reduce using rule 86 (shift_expression -> shift_expression LSHR additive_expression .)
    BITWISE_OR      reduce using rule 86 (shift_expression -> shift_expression LSHR additive_expression .)
    LOGICAL_AND     reduce using rule 86 (shift_expression -> shift_expression LSHR additive_expression .)
    PARALLEL        reduce using rule 86 (shift_expression -> shift_expression LSHR additive_expression .)
    QUESTION        reduce using rule 86 (shift_expression -> shift_expression LSHR additive_expression .)
    NULLCOALESCE    reduce using rule 86 (shift_expression -> shift_expression LSHR additive_expression .)
    VAR_DECL        reduce using rule 86 (shift_expression -> shift_expression LSHR additive_expression .)
    LPAREN          reduce using rule 86 (shift_expression -> shift_expression LSHR additive_expression .)
    IDENTIFIER      reduce using rule 86 (shift_expression -> shift_expression LSHR additive_expression .)
    LCURLY_BRACKET  reduce using rule 86 (shift_expression -> shift_expression LSHR additive_expression .)
    MAP             reduce using rule 86 (shift_expression -> shift_expression LSHR additive_expression .)
    FILTER          reduce using rule 86 (shift_expression -> shift_expression LSHR additive_expression .)
    REDUCE          reduce using rule 86 (shift_expression -> shift_expression LSHR additive_expression .)
    FOREACH         reduce using rule 86 (shift_expression -> shift_expression LSHR additive_expression .)
    FLATMAP         reduce using rule 86 (shift_expression -> shift_expression LSHR additive_expression .)
    FANOUT          reduce using rule 86 (shift_expression -> shift_expression LSHR additive_expression .)
    $end            reduce using rule 86 (shift_expression -> shift_expression LSHR additive_expression .)
    RBRACKET        reduce using rule 86 (shift_expression -> shift_expression LSHR additive_expression .)
    SEPARATOR       reduce using rule 86 (shift_expression -> shift_expression LSHR additive_expression .)
    RPAREN          reduce using rule 86 (shift_expression -> shift_expression LSHR additive_expression .)
    COLON           reduce using rule 86 (shift_expression -> shift_expression LSHR additive_expression .)
    RCURLY_BRACKET  reduce using rule 86 (shift_expression -> shift_expression LSHR additive_expression .)
    PLUS            shift and go to state 112
    MINUS           shift and go to state 113


state 154

    (87) shift_expression -> shift_expression ASHR additive_expression .
    (89) additive_expression -> additive_expression . PLUS multiplicative_expression
    (90) additive_expression -> additive_expression . MINUS multiplicative_expression

    LSHL            reduce using rule 87 (shift_expression -> shift_expression ASHR additive_expression .)
    LSHR            reduce using rule 87 (shift_expression -> shift_expression ASHR additive_expression .)
    ASHR            reduce using rule 87 (shift_expression -> shift_expression ASHR additive_expression .)
    EQ              reduce using rule 87 (shift_expression -> shift_expression ASHR additive_expression .)
    NE              reduce using rule 87 (shift_expression -> shift_expression ASHR additive_expression .)
    LANGLE          reduce using rule 87 (shift_expression -> shift_expression ASHR additive_expression .)
    RANGLE          reduce using rule 87 (shift_expression -> shift_expression ASHR additive_expression .)
    LE              reduce using rule 87 (shift_expression -> shift_expression ASHR additive_expression .)
    GE              reduce using rule 87 (shift_expression -> shift_expression ASHR additive_expression .)
    BITWISE_AND     reduce using rule 87 (shift_expression -> shift_expression ASHR additive_expression .)
    BITWISE_XOR     reduce using rule 87 (shift_expression -> shift_expression ASHR additive_expression .)
    BITWISE_OR      reduce using rule 87 (shift_expression -> shift_expression ASHR additive_expression .)
    LOGICAL_AND     reduce using rule 87 (shift_expression -> shift_expression ASHR additive_expression .)
    PARALLEL        reduce using rule 87 (shift_expression -> shift_expression ASHR additive_expression .)
    QUESTION        reduce using rule 87 (shift_expression -> shift_expression ASHR additive_expression .)
    NULLCOALESCE    reduce using rule 87 (shift_expression -> shift_expression ASHR additive_expression .)
    VAR_DECL        reduce using rule 87 (shift_expression -> shift_expression ASHR additive_expression .)
    LPAREN          reduce using rule 87 (shift_expression -> shift_expression ASHR additive_expression .)
    IDENTIFIER      reduce using rule 87 (shift_expression -> shift_expression ASHR additive_expression .)
    LCURLY_BRACKET  reduce using rule 87 (shift_expression -> shift_expression ASHR additive_expression .)
    MAP             reduce using rule 87 (shift_expression -> shift_expression ASHR additive_expression .)
    FILTER          reduce using rule 87 (shift_expression -> shift_expression ASHR additive_expression .)
    REDUCE          reduce using rule 87 (shift_expression -> shift_expression ASHR additive_expression .)
    FOREACH         reduce using rule 87 (shift_expression -> shift_expression ASHR additive_expression .)
    FLATMAP         reduce using rule 87 (shift_expression -> shift_expression ASHR additive_expression .)
    FANOUT          reduce using rule 87 (shift_expression -> shift_expression ASHR additive_expression .)
    $end            reduce using rule 87 (shift_expression -> shift_expression ASHR additive_expression .)
    RBRACKET        reduce using rule 87 (shift_expression -> shift_expression ASHR additive_expression .)
    SEPARATOR       reduce using rule 87 (shift_expression -> shift_expression ASHR additive_expression .)
    RPAREN          reduce using rule 87 (shift_expression -> shift_expression ASHR additive_expression .)
    COLON           reduce using rule 87 (shift_expression -> shift_expression ASHR additive_expression .)
    RCURLY_BRACKET  reduce using rule 87 (shift_expression -> shift_expression ASHR additive_expression .)
    PLUS            shift and go to state 112
    MINUS           shift and go to state 113


state 155

    (89) additive_expression -> additive_expression PLUS multiplicative_expression .
    (92) multiplicative_expression -> multiplicative_expression . DIV unary_expression
    (93) multiplicative_expression -> multiplicative_expression . MOD unary_expression
    (94) multiplicative_expression -> multiplicative_expression . RETRY unary_expression

    PLUS            reduce using rule 89 (additive_expression -> additive_expression PLUS multiplicative_expression .)
    MINUS           reduce using rule 89 (additive_expression -> additive_expression PLUS multiplicative_expression .)
    LSHL            reduce using rule 89 (additive_expression -> additive_expression PLUS multiplicative_expression .)
    LSHR            reduce using rule 89 (additive_expression -> additive_expression PLUS multiplicative_expression .)
    ASHR            reduce using rule 89 (additive_expression -> additive_expression PLUS multiplicative_expression .)
    EQ              reduce using rule 89 (additive_expression -> additive_expression PLUS multiplicative_expression .)
    NE              reduce using rule 89 (additive_expression -> additive_expression PLUS multiplicative_expression .)
    LANGLE          reduce using rule 89 (additive_expression -> additive_expression PLUS multiplicative_expression .)
    RANGLE          reduce using rule 89 (additive_expression -> additive_expression PLUS multiplicative_expression .)
    LE              reduce using rule 89 (additive_expression -> additive_expression PLUS multiplicative_expression .)
    GE              reduce using rule 89 (additive_expression -> additive_expression PLUS multiplicative_expression .)
    BITWISE_AND     reduce using rule 89 (additive_expression -> additive_expression PLUS multiplicative_expression .)
    BITWISE_XOR     reduce using rule 89 (additive_expression -> additive_expression PLUS multiplicative_expression .)
    BITWISE_OR      reduce using rule 89 (additive_expression -> additive_expression PLUS multiplicative_expression .)
    LOGICAL_AND     reduce using rule 89 (additive_expression -> additive_expression PLUS multiplicative_expression .)
    PARALLEL        reduce using rule 89 (additive_expression -> additive_expression PLUS multiplicative_expression .)
    QUESTION        reduce using rule 89 (additive_expression -> additive_expression PLUS multiplicative_expression .)
    NULLCOALESCE    reduce using rule 89 (additive_expression -> additive_expression PLUS multiplicative_expression .)
    VAR_DECL        reduce using rule 89 (additive_expression -> additive_expression PLUS multiplicative_expression .)
    LPAREN          reduce using rule 89 (additive_expression -> additive_expression PLUS multiplicative_expression .)
    IDENTIFIER      reduce using rule 89 (additive_expression -> additive_expression PLUS multiplicative_expression .)
    LCURLY_BRACKET  reduce using rule 89 (additive_expression -> additive_expression PLUS multiplicative_expression .)
    MAP             reduce using rule 89 (additive_expression -> additive_expression PLUS multiplicative_expression .)
    FILTER          reduce using rule 89 (additive_expression -> additive_expression PLUS multiplicative_expression .)
    REDUCE          reduce using rule 89 (additive_expression -> additive_expression PLUS multiplicative_expression .)
    FOREACH         reduce using rule 89 (additive_expression -> additive_expression PLUS multiplicative_expression .)
    FLATMAP         reduce using rule 89 (additive_expression -> additive_expression PLUS multiplicative_expression .)
    FANOUT          reduce using rule 89 (additive_expression -> additive_expression PLUS multiplicative_expression .)
    $end            reduce using rule 89 (additive_expression -> additive_expression PLUS multiplicative_expression .)
    RBRACKET        reduce using rule 89 (additive_expression -> additive_expression PLUS multiplicative_expression .)
    SEPARATOR       reduce using rule 89 (additive_expression -> additive_expression PLUS multiplicative_expression .)
    RPAREN          reduce using rule 89 (additive_expression -> additive_expression PLUS multiplicative_expression .)
    COLON           reduce using rule 89 (additive_expression -> additive_expression PLUS multiplicative_expression .)
    RCURLY_BRACKET  reduce using rule 89 (additive_expression -> additive_expression PLUS multiplicative_expression .)
    DIV             shift and go to state 114
    MOD             shift and go to state 115
    RETRY           shift and go to state 116


state 156

    (90) additive_expression -> additive_expression MINUS multiplicative_expression .
    (92) multiplicative_expression -> multiplicative_expression . DIV unary_expression
    (93) multiplicative_expression -> multiplicative_expression . MOD unary_expression
    (94) multiplicative_expression -> multiplicative_expression . RETRY unary_expression

    PLUS            reduce using rule 90 (additive_expression -> additive_expression MINUS multiplicative_expression .)
    MINUS           reduce using rule 90 (additive_expression -> additive_expression MINUS multiplicative_expression .)
    LSHL            reduce using rule 90 (additive_expression -> additive_expression MINUS multiplicative_expression .)
    LSHR            reduce using rule 90 (additive_expression -> additive_expression MINUS multiplicative_expression .)
    ASHR            reduce using rule 90 (additive_expression -> additive_expression MINUS multiplicative_expression .)
    EQ              reduce using rule 90 (additive_expression -> additive_expression MINUS multiplicative_expression .)
    NE              reduce using rule 90 (additive_expression -> additive_expression MINUS multiplicative_expression .)
    LANGLE          reduce using rule 90 (additive_expression -> additive_expression MINUS multiplicative_expression .)
    RANGLE          reduce using rule 90 (additive_expression -> additive_expression MINUS multiplicative_expression .)
    LE              reduce using rule 90 (additive_expression -> additive_expression MINUS multiplicative_expression .)
    GE              reduce using rule 90 (additive_expression -> additive_expression MINUS multiplicative_expression .)
    BITWISE_AND     reduce using rule 90 (additive_expression -> additive_expression MINUS multiplicative_expression .)
    BITWISE_XOR     reduce using rule 90 (additive_expression -> additive_expression MINUS multiplicative_expression .)
    BITWISE_OR      reduce using rule 90 (additive_expression -> additive_expression MINUS multiplicative_expression .)
    LOGICAL_AND     reduce using rule 90 (additive_expression -> additive_expression MINUS multiplicative_expression .)
    PARALLEL        reduce using rule 90 (additive_expression -> additive_expression MINUS multiplicative_expression .)
    QUESTION        reduce using rule 90 (additive_expression -> additive_expression MINUS multiplicative_expression .)
    NULLCOALESCE    reduce using rule 90 (additive_expression -> additive_expression MINUS multiplicative_expression .)
    VAR_DECL        reduce using rule 90 (additive_expression -> additive_expression MINUS multiplicative_expression .)
    LPAREN          reduce using rule 90 (additive_expression -> additive_expression MINUS multiplicative_expression .)
    IDENTIFIER      reduce using rule 90 (additive_expression -> additive_expression MINUS multiplicative_expression .)
    LCURLY_BRACKET  reduce using rule 90 (additive_expression -> additive_expression MINUS multiplicative_expression .)
    MAP             reduce using rule 90 (additive_expression -> additive_expression MINUS multiplicative_expression .)
    FILTER          reduce using rule 90 (additive_expression -> additive_expression MINUS multiplicative_expression .)
    REDUCE          reduce using rule 90 (additive_expression -> additive_expression MINUS multiplicative_expression .)
    FOREACH         reduce using rule 90 (additive_expression -> additive_expression MINUS multiplicative_expression .)
    FLATMAP         reduce using rule 90 (additive_expression -> additive_expression MINUS multiplicative_expression .)
    FANOUT          reduce using rule 90 (additive_expression -> additive_expression MINUS multiplicative_expression .)
    $end            reduce using rule 90 (additive_expression -> additive_expression MINUS multiplicative_expression .)
    RBRACKET        reduce using rule 90 (additive_expression -> additive_expression MINUS multiplicative_expression .)
    SEPARATOR       reduce using rule 90 (additive_expression -> additive_expression MINUS multiplicative_expression .)
    RPAREN          reduce using rule 90 (additive_expression -> additive_expression MINUS multiplicative_expression .)
    COLON           reduce using rule 90 (additive_expression -> additive_expression MINUS multiplicative_expression .)
    RCURLY_BRACKET  reduce using rule 90 (additive_expression -> additive_expression MINUS multiplicative_expression .)
    DIV             shift and go to state 114
    MOD             shift and go to state 115
    RETRY           shift and go to state 116


state 157

    (92) multiplicative_expression -> multiplicative_expression DIV unary_expression .

    DIV             reduce using rule 92 (multiplicative_expression -> multiplicative_expression DIV unary_expression .)
    MOD             reduce using rule 92 (multiplicative_expression -> multiplicative_expression DIV unary_expression .)
    RETRY           reduce using rule 92 (multiplicative_expression -> multiplicative_expression DIV unary_expression .)
    PLUS            reduce using rule 92 (multiplicative_expression -> multiplicative_expression DIV unary_expression .)
    MINUS           reduce using rule 92 (multiplicative_expression -> multiplicative_expression DIV unary_expression .)
    LSHL            reduce using rule 92 (multiplicative_expression -> multiplicative_expression DIV unary_expression .)
    LSHR            reduce using rule 92 (multiplicative_expression -> multiplicative_expression DIV unary_expression .)
    ASHR            reduce using rule 92 (multiplicative_expression -> multiplicative_expression DIV unary_expression .)
    EQ              reduce using rule 92 (multiplicative_expression -> multiplicative_expression DIV unary_expression .)
    NE              reduce using rule 92 (multiplicative_expression -> multiplicative_expression DIV unary_expression .)
    LANGLE          reduce using rule 92 (multiplicative_expression -> multiplicative_expression DIV unary_expression .)
    RANGLE          reduce using rule 92 (multiplicative_expression -> multiplicative_expression DIV unary_expression .)
    LE              reduce using rule 92 (multiplicative_expression -> multiplicative_expression DIV unary_expression .)
    GE              reduce using rule 92 (multiplicative_expression -> multiplicative_expression DIV unary_expression .)
    BITWISE_AND     reduce using rule 92 (multiplicative_expression -> multiplicative_expression DIV unary_expression .)
    BITWISE_XOR     reduce using rule 92 (multiplicative_expression -> multiplicative_expression DIV unary_expression .)
    BITWISE_OR      reduce using rule 92 (multiplicative_expression -> multiplicative_expression DIV unary_expression .)
    LOGICAL_AND     reduce using rule 92 (multiplicative_expression -> multiplicative_expression DIV unary_expression .)
    PARALLEL        reduce using rule 92 (multiplicative_expression -> multiplicative_expression DIV unary_expression .)
    QUESTION        reduce using rule 92 (multiplicative_expression -> multiplicative_expression DIV unary_expression .)
    NULLCOALESCE    reduce using rule 92 (multiplicative_expression -> multiplicative_expression DIV unary_expression .)
    VAR_DECL        reduce using rule 92 (multiplicative_expression -> multiplicative_expression DIV unary_expression .)
    LPAREN          reduce using rule 92 (multiplicative_expression -> multiplicative_expression DIV unary_expression .)
    IDENTIFIER      reduce using rule 92 (multiplicative_expression -> multiplicative_expression DIV unary_expression .)
    LCURLY_BRACKET  reduce using rule 92 (multiplicative_expression -> multiplicative_expression DIV unary_expression .)
    MAP             reduce using rule 92 (multiplicative_expression -> multiplicative_expression DIV unary_expression .)
    FILTER          reduce using rule 92 (multiplicative_expression -> multiplicative_expression DIV unary_expression .)
    REDUCE          reduce using rule 92 (multiplicative_expression -> multiplicative_expression DIV unary_expression .)
    FOREACH         reduce using rule 92 (multiplicative_expression -> multiplicative_expression DIV unary_expression .)
    FLATMAP         reduce using rule 92 (multiplicative_expression -> multiplicative_expression DIV unary_expression .)
    FANOUT          reduce using rule 92 (multiplicative_expression -> multiplicative_expression DIV unary_expression .)
    $end            reduce using rule 92 (multiplicative_expression -> multiplicative_expression DIV unary_expression .)
    RBRACKET        reduce using rule 92 (multiplicative_expression -> multiplicative_expression DIV unary_expression .)
    SEPARATOR       reduce using rule 92 (multiplicative_expression -> multiplicative_expression DIV unary_expression .)
    RPAREN          reduce using rule 92 (multiplicative_expression -> multiplicative_expression DIV unary_expression .)
    COLON           reduce using rule 92 (multiplicative_expression -> multiplicative_expression DIV unary_expression .)
    RCURLY_BRACKET  reduce using rule 92 (multiplicative_expression -> multiplicative_expression DIV unary_expression .)


state 158

    (93) multiplicative_expression -> multiplicative_expression MOD unary_expression .

    DIV             reduce using rule 93 (multiplicative_expression -> multiplicative_expression MOD unary_expression .)
    MOD             reduce using rule 93 (multiplicative_expression -> multiplicative_expression MOD unary_expression .)
    RETRY           reduce using rule 93 (multiplicative_expression -> multiplicative_expression MOD unary_expression .)
    PLUS            reduce using rule 93 (multiplicative_expression -> multiplicative_expression MOD unary_expression .)
    MINUS           reduce using rule 93 (multiplicative_expression -> multiplicative_expression MOD unary_expression .)
    LSHL            reduce using rule 93 (multiplicative_expression -> multiplicative_expression MOD unary_expression .)
    LSHR            reduce using rule 93 (multiplicative_expression -> multiplicative_expression MOD unary_expression .)
    ASHR            reduce using rule 93 (multiplicative_expression -> multiplicative_expression MOD unary_expression .)
    EQ              reduce using rule 93 (multiplicative_expression -> multiplicative_expression MOD unary_expression .)
    NE              reduce using rule 93 (multiplicative_expression -> multiplicative_expression MOD unary_expression .)
    LANGLE          reduce using rule 93 (multiplicative_expression -> multiplicative_expression MOD unary_expression .)
    RANGLE          reduce using rule 93 (multiplicative_expression -> multiplicative_expression MOD unary_expression .)
    LE              reduce using rule 93 (multiplicative_expression -> multiplicative_expression MOD unary_expression .)
    GE              reduce using rule 93 (multiplicative_expression -> multiplicative_expression MOD unary_expression .)
    BITWISE_AND     reduce using rule 93 (multiplicative_expression -> multiplicative_expression MOD unary_expression .)
    BITWISE_XOR     reduce using rule 93 (multiplicative_expression -> multiplicative_expression MOD unary_expression .)
    BITWISE_OR      reduce using rule 93 (multiplicative_expression -> multiplicative_expression MOD unary_expression .)
    LOGICAL_AND     reduce using rule 93 (multiplicative_expression -> multiplicative_expression MOD unary_expression .)
    PARALLEL        reduce using rule 93 (multiplicative_expression -> multiplicative_expression MOD unary_expression .)
    QUESTION        reduce using rule 93 (multiplicative_expression -> multiplicative_expression MOD unary_expression .)
    NULLCOALESCE    reduce using rule 93 (multiplicative_expression -> multiplicative_expression MOD unary_expression .)
    VAR_DECL        reduce using rule 93 (multiplicative_expression -> multiplicative_expression MOD unary_expression .)
    LPAREN          reduce using rule 93 (multiplicative_expression -> multiplicative_expression MOD unary_expression .)
    IDENTIFIER      reduce using rule 93 (multiplicative_expression -> multiplicative_expression MOD unary_expression .)
    LCURLY_BRACKET  reduce using rule 93 (multiplicative_expression -> multiplicative_expression MOD unary_expression .)
    MAP             reduce using rule 93 (multiplicative_expression -> multiplicative_expression MOD unary_expression .)
    FILTER          reduce using rule 93 (multiplicative_expression -> multiplicative_expression MOD unary_expression .)
    REDUCE          reduce using rule 93 (multiplicative_expression -> multiplicative_expression MOD unary_expression .)
    FOREACH         reduce using rule 93 (multiplicative_expression -> multiplicative_expression MOD unary_expression .)
    FLATMAP         reduce using rule 93 (multiplicative_expression -> multiplicative_expression MOD unary_expression .)
    FANOUT          reduce using rule 93 (multiplicative_expression -> multiplicative_expression MOD unary_expression .)
    $end            reduce using rule 93 (multiplicative_expression -> multiplicative_expression MOD unary_expression .)
    RBRACKET        reduce using rule 93 (multiplicative_expression -> multiplicative_expression MOD unary_expression .)
    SEPARATOR       reduce using rule 93 (multiplicative_expression -> multiplicative_expression MOD unary_expression .)
    RPAREN          reduce using rule 93 (multiplicative_expression -> multiplicative_expression MOD unary_expression .)
    COLON           reduce using rule 93 (multiplicative_expression -> multiplicative_expression MOD unary_expression .)
    RCURLY_BRACKET  reduce using rule 93 (multiplicative_expression -> multiplicative_expression MOD unary_expression .)


state 159

    (94) multiplicative_expression -> multiplicative_expression RETRY unary_expression .

    DIV             reduce using rule 94 (multiplicative_expression -> multiplicative_expression RETRY unary_expression .)
    MOD             reduce using rule 94 (multiplicative_expression -> multiplicative_expression RETRY unary_expression .)
    RETRY           reduce using rule 94 (multiplicative_expression -> multiplicative_expression RETRY unary_expression .)
    PLUS            reduce using rule 94 (multiplicative_expression -> multiplicative_expression RETRY unary_expression .)
    MINUS           reduce using rule 94 (multiplicative_expression -> multiplicative_expression RETRY unary_expression .)
    LSHL            reduce using rule 94 (multiplicative_expression -> multiplicative_expression RETRY unary_expression .)
    LSHR            reduce using rule 94 (multiplicative_expression -> multiplicative_expression RETRY unary_expression .)
    ASHR            reduce using rule 94 (multiplicative_expression -> multiplicative_expression RETRY unary_expression .)
    EQ              reduce using rule 94 (multiplicative_expression -> multiplicative_expression RETRY unary_expression .)
    NE              reduce using rule 94 (multiplicative_expression -> multiplicative_expression RETRY unary_expression .)
    LANGLE          reduce using rule 94 (multiplicative_expression -> multiplicative_expression RETRY unary_expression .)
    RANGLE          reduce using rule 94 (multiplicative_expression -> multiplicative_expression RETRY unary_expression .)
    LE              reduce using rule 94 (multiplicative_expression -> multiplicative_expression RETRY unary_expression .)
    GE              reduce using rule 94 (multiplicative_expression -> multiplicative_expression RETRY unary_expression .)
    BITWISE_AND     reduce using rule 94 (multiplicative_expression -> multiplicative_expression RETRY unary_expression .)
    BITWISE_XOR     reduce using rule 94 (multiplicative_expression -> multiplicative_expression RETRY unary_expression .)
    BITWISE_OR      reduce using rule 94 (multiplicative_expression -> multiplicative_expression RETRY unary_expression .)
    LOGICAL_AND     reduce using rule 94 (multiplicative_expression -> multiplicative_expression RETRY unary_expression .)
    PARALLEL        reduce using rule 94 (multiplicative_expression -> multiplicative_expression RETRY unary_expression .)
    QUESTION        reduce using rule 94 (multiplicative_expression -> multiplicative_expression RETRY unary_expression .)
    NULLCOALESCE    reduce using rule 94 (multiplicative_expression -> multiplicative_expression RETRY unary_expression .)
    VAR_DECL        reduce using rule 94 (multiplicative_expression -> multiplicative_expression RETRY unary_expression .)
    LPAREN          reduce using rule 94 (multiplicative_expression -> multiplicative_expression RETRY unary_expression .)
    IDENTIFIER      reduce using rule 94 (multiplicative_expression -> multiplicative_expression RETRY unary_expression .)
    LCURLY_BRACKET  reduce using rule 94 (multiplicative_expression -> multiplicative_expression RETRY unary_expression .)
    MAP             reduce using rule 94 (multiplicative_expression -> multiplicative_expression RETRY unary_expression .)
    FILTER          reduce using rule 94 (multiplicative_expression -> multiplicative_expression RETRY unary_expression .)
    REDUCE          reduce using rule 94 (multiplicative_expression -> multiplicative_expression RETRY unary_expression .)
    FOREACH         reduce using rule 94 (multiplicative_expression -> multiplicative_expression RETRY unary_expression .)
    FLATMAP         reduce using rule 94 (multiplicative_expression -> multiplicative_expression RETRY unary_expression .)
    FANOUT          reduce using rule 94 (multiplicative_expression -> multiplicative_expression RETRY unary_expression .)
    $end            reduce using rule 94 (multiplicative_expression -> multiplicative_expression RETRY unary_expression .)
    RBRACKET        reduce using rule 94 (multiplicative_expression -> multiplicative_expression RETRY unary_expression .)
    SEPARATOR       reduce using rule 94 (multiplicative_expression -> multiplicative_expression RETRY unary_expression .)
    RPAREN          reduce using rule 94 (multiplicative_expression -> multiplicative_expression RETRY unary_expression .)
    COLON           reduce using rule 94 (multiplicative_expression -> multiplicative_expression RETRY unary_expression .)
    RCURLY_BRACKET  reduce using rule 94 (multiplicative_expression -> multiplicative_expression RETRY unary_expression .)


state 160

    (100) primary_expression -> LPAREN expression RPAREN .

    DIV             reduce using rule 100 (primary_expression -> LPAREN expression RPAREN .)
    MOD             reduce using rule 100 (primary_expression -> LPAREN expression RPAREN .)
    RETRY           reduce using rule 100 (primary_expression -> LPAREN expression RPAREN .)
    PLUS            reduce using rule 100 (primary_expression -> LPAREN expression RPAREN .)
    MINUS           reduce using rule 100 (primary_expression -> LPAREN expression RPAREN .)
    LSHL            reduce using rule 100 (primary_expression -> LPAREN expression RPAREN .)
    LSHR            reduce using rule 100 (primary_expression -> LPAREN expression RPAREN .)
    ASHR            reduce using rule 100 (primary_expression -> LPAREN expression RPAREN .)
    EQ              reduce using rule 100 (primary_expression -> LPAREN expression RPAREN .)
    NE              reduce using rule 100 (primary_expression -> LPAREN expression RPAREN .)
    LANGLE          reduce using rule 100 (primary_expression -> LPAREN expression RPAREN .)
    RANGLE          reduce using rule 100 (primary_expression -> LPAREN expression RPAREN .)
    LE              reduce using rule 100 (primary_expression -> LPAREN expression RPAREN .)
    GE              reduce using rule 100 (primary_expression -> LPAREN expression RPAREN .)
    BITWISE_AND     reduce using rule 100 (primary_expression -> LPAREN expression RPAREN .)
    BITWISE_XOR     reduce using rule 100 (primary_expression -> LPAREN expression RPAREN .)
    BITWISE_OR      reduce using rule 100 (primary_expression -> LPAREN expression RPAREN .)
    LOGICAL_AND     reduce using rule 100 (primary_expression -> LPAREN expression RPAREN .)
    PARALLEL        reduce using rule 100 (primary_expression -> LPAREN expression RPAREN .)
    QUESTION        reduce using rule 100 (primary_expression -> LPAREN expression RPAREN .)
    NULLCOALESCE    reduce using rule 100 (primary_expression -> LPAREN expression RPAREN .)
    VAR_DECL        reduce using rule 100 (primary_expression -> LPAREN expression RPAREN .)
    LPAREN          reduce using rule 100 (primary_expression -> LPAREN expression RPAREN .)
    IDENTIFIER      reduce using rule 100 (primary_expression -> LPAREN expression RPAREN .)
    LCURLY_BRACKET  reduce using rule 100 (primary_expression -> LPAREN expression RPAREN .)
    MAP             reduce using rule 100 (primary_expression -> LPAREN expression RPAREN .)
    FILTER          reduce using rule 100 (primary_expression -> LPAREN expression RPAREN .)
    REDUCE          reduce using rule 100 (primary_expression -> LPAREN expression RPAREN .)
    FOREACH         reduce using rule 100 (primary_expression -> LPAREN expression RPAREN .)
    FLATMAP         reduce using rule 100 (primary_expression -> LPAREN expression RPAREN .)
    FANOUT          reduce using rule 100 (primary_expression -> LPAREN expression RPAREN .)
    $end            reduce using rule 100 (primary_expression -> LPAREN expression RPAREN .)
    RBRACKET        reduce using rule 100 (primary_expression -> LPAREN expression RPAREN .)
    SEPARATOR       reduce using rule 100 (primary_expression -> LPAREN expression RPAREN .)
    RPAREN          reduce using rule 100 (primary_expression -> LPAREN expression RPAREN .)
    COLON           reduce using rule 100 (primary_expression -> LPAREN expression RPAREN .)
    RCURLY_BRACKET  reduce using rule 100 (primary_expression -> LPAREN expression RPAREN .)


state 161

    (64) variable_reference -> VAR_ACCESS DOT IDENTIFIER .

    DIV             reduce using rule 64 (variable_reference -> VAR_ACCESS DOT IDENTIFIER .)
    MOD             reduce using rule 64 (variable_reference -> VAR_ACCESS DOT IDENTIFIER .)
    RETRY           reduce using rule 64 (variable_reference -> VAR_ACCESS DOT IDENTIFIER .)
    PLUS            reduce using rule 64 (variable_reference -> VAR_ACCESS DOT IDENTIFIER .)
    MINUS           reduce using rule 64 (variable_reference -> VAR_ACCESS DOT IDENTIFIER .)
    LSHL            reduce using rule 64 (variable_reference -> VAR_ACCESS DOT IDENTIFIER .)
    LSHR            reduce using rule 64 (variable_reference -> VAR_ACCESS DOT IDENTIFIER .)
    ASHR            reduce using rule 64 (variable_reference -> VAR_ACCESS DOT IDENTIFIER .)
    EQ              reduce using rule 64 (variable_reference -> VAR_ACCESS DOT IDENTIFIER .)
    NE              reduce using rule 64 (variable_reference -> VAR_ACCESS DOT IDENTIFIER .)
    LANGLE          reduce using rule 64 (variable_reference -> VAR_ACCESS DOT IDENTIFIER .)
    RANGLE          reduce using rule 64 (variable_reference -> VAR_ACCESS DOT IDENTIFIER .)
    LE              reduce using rule 64 (variable_reference -> VAR_ACCESS DOT IDENTIFIER .)
    GE              reduce using rule 64 (variable_reference -> VAR_ACCESS DOT IDENTIFIER .)
    BITWISE_AND     reduce using rule 64 (variable_reference -> VAR_ACCESS DOT IDENTIFIER .)
    BITWISE_XOR     reduce using rule 64 (variable_reference -> VAR_ACCESS DOT IDENTIFIER .)
    BITWISE_OR      reduce using rule 64 (variable_reference -> VAR_ACCESS DOT IDENTIFIER .)
    LOGICAL_AND     reduce using rule 64 (variable_reference -> VAR_ACCESS DOT IDENTIFIER .)
    PARALLEL        reduce using rule 64 (variable_reference -> VAR_ACCESS DOT IDENTIFIER .)
    QUESTION        reduce using rule 64 (variable_reference -> VAR_ACCESS DOT IDENTIFIER .)
    NULLCOALESCE    reduce using rule 64 (variable_reference -> VAR_ACCESS DOT IDENTIFIER .)
    VAR_DECL        reduce using rule 64 (variable_reference -> VAR_ACCESS DOT IDENTIFIER .)
    LPAREN          reduce using rule 64 (variable_reference -> VAR_ACCESS DOT IDENTIFIER .)
    IDENTIFIER      reduce using rule 64 (variable_reference -> VAR_ACCESS DOT IDENTIFIER .)
    LCURLY_BRACKET  reduce using rule 64 (variable_reference -> VAR_ACCESS DOT IDENTIFIER .)
    MAP             reduce using rule 64 (variable_reference -> VAR_ACCESS DOT IDENTIFIER .)
    FILTER          reduce using rule 64 (variable_reference -> VAR_ACCESS DOT IDENTIFIER .)
    REDUCE          reduce using rule 64 (variable_reference -> VAR_ACCESS DOT IDENTIFIER .)
    FOREACH         reduce using rule 64 (variable_reference -> VAR_ACCESS DOT IDENTIFIER .)
    FLATMAP         reduce using rule 64 (variable_reference -> VAR_ACCESS DOT IDENTIFIER .)
    FANOUT          reduce using rule 64 (variable_reference -> VAR_ACCESS DOT IDENTIFIER .)
    $end            reduce using rule 64 (variable_reference -> VAR_ACCESS DOT IDENTIFIER .)
    RBRACKET        reduce using rule 64 (variable_reference -> VAR_ACCESS DOT IDENTIFIER .)
    SEPARATOR       reduce using rule 64 (variable_reference -> VAR_ACCESS DOT IDENTIFIER .)
    RPAREN          reduce using rule 64 (variable_reference -> VAR_ACCESS DOT IDENTIFIER .)
    COLON           reduce using rule 64 (variable_reference -> VAR_ACCESS DOT IDENTIFIER .)
    RCURLY_BRACKET  reduce using rule 64 (variable_reference -> VAR_ACCESS DOT IDENTIFIER .)


state 162

    (65) variable_reference -> VAR_ACCESS LBRACKET expression . RBRACKET
    (43) null_coalesce_expression -> expression . NULLCOALESCE expression

    RBRACKET        shift and go to state 174
    NULLCOALESCE    shift and go to state 89


state 163

    (11) branch_list -> branch_list SEPARATOR branch .

    RPAREN          reduce using rule 11 (branch_list -> branch_list SEPARATOR branch .)
    SEPARATOR       reduce using rule 11 (branch_list -> branch_list SEPARATOR branch .)


state 164

    (12) branch -> descriptor POINTER chain .
    (15) chain -> chain . POINTER retry
    (16) chain -> chain . PPOINTER retry
    (17) chain -> chain . PARALLEL retry

    RPAREN          reduce using rule 12 (branch -> descriptor POINTER chain .)
    SEPARATOR       reduce using rule 12 (branch -> descriptor POINTER chain .)
    POINTER         shift and go to state 29
    PPOINTER        shift and go to state 30
    PARALLEL        shift and go to state 31


state 165

    (13) branch -> descriptor PPOINTER chain .
    (15) chain -> chain . POINTER retry
    (16) chain -> chain . PPOINTER retry
    (17) chain -> chain . PARALLEL retry

    RPAREN          reduce using rule 13 (branch -> descriptor PPOINTER chain .)
    SEPARATOR       reduce using rule 13 (branch -> descriptor PPOINTER chain .)
    POINTER         shift and go to state 29
    PPOINTER        shift and go to state 30
    PARALLEL        shift and go to state 31


state 166

    (30) attribute_list_items -> attribute_list_items SEPARATOR attribute .

    RBRACKET        reduce using rule 30 (attribute_list_items -> attribute_list_items SEPARATOR attribute .)
    SEPARATOR       reduce using rule 30 (attribute_list_items -> attribute_list_items SEPARATOR attribute .)


state 167

    (31) attribute -> IDENTIFIER ASSIGN expression .
    (43) null_coalesce_expression -> expression . NULLCOALESCE expression

    RBRACKET        reduce using rule 31 (attribute -> IDENTIFIER ASSIGN expression .)
    SEPARATOR       reduce using rule 31 (attribute -> IDENTIFIER ASSIGN expression .)
    NULLCOALESCE    shift and go to state 89


state 168

    (32) meta_task -> mode LANGLE IDENTIFIER RANGLE attribute_list .

    LPAREN          reduce using rule 32 (meta_task -> mode LANGLE IDENTIFIER RANGLE attribute_list .)
    POINTER         reduce using rule 32 (meta_task -> mode LANGLE IDENTIFIER RANGLE attribute_list .)
    PPOINTER        reduce using rule 32 (meta_task -> mode LANGLE IDENTIFIER RANGLE attribute_list .)
    PARALLEL        reduce using rule 32 (meta_task -> mode LANGLE IDENTIFIER RANGLE attribute_list .)
    VAR_DECL        reduce using rule 32 (meta_task -> mode LANGLE IDENTIFIER RANGLE attribute_list .)
    IDENTIFIER      reduce using rule 32 (meta_task -> mode LANGLE IDENTIFIER RANGLE attribute_list .)
    LCURLY_BRACKET  reduce using rule 32 (meta_task -> mode LANGLE IDENTIFIER RANGLE attribute_list .)
    MAP             reduce using rule 32 (meta_task -> mode LANGLE IDENTIFIER RANGLE attribute_list .)
    FILTER          reduce using rule 32 (meta_task -> mode LANGLE IDENTIFIER RANGLE attribute_list .)
    REDUCE          reduce using rule 32 (meta_task -> mode LANGLE IDENTIFIER RANGLE attribute_list .)
    FOREACH         reduce using rule 32 (meta_task -> mode LANGLE IDENTIFIER RANGLE attribute_list .)
    FLATMAP         reduce using rule 32 (meta_task -> mode LANGLE IDENTIFIER RANGLE attribute_list .)
    FANOUT          reduce using rule 32 (meta_task -> mode LANGLE IDENTIFIER RANGLE attribute_list .)
    $end            reduce using rule 32 (meta_task -> mode LANGLE IDENTIFIER RANGLE attribute_list .)
    RPAREN          reduce using rule 32 (meta_task -> mode LANGLE IDENTIFIER RANGLE attribute_list .)
    RCURLY_BRACKET  reduce using rule 32 (meta_task -> mode LANGLE IDENTIFIER RANGLE attribute_list .)
    SEPARATOR       reduce using rule 32 (meta_task -> mode LANGLE IDENTIFIER RANGLE attribute_list .)


state 169

    (33) meta_task -> mode LANGLE IDENTIFIER DOUBLE_COLON IDENTIFIER . RANGLE attribute_list

    RANGLE          shift and go to state 175


state 170

    (42) ternary_expression -> arithmetic_expr QUESTION expression COLON . expression
    (46) expression -> . list
    (47) expression -> . map
    (48) expression -> . arithmetic_expr
    (49) expression -> . null_value
    (50) expression -> . ternary_expression
    (51) expression -> . null_coalesce_expression
    (57) list -> . LBRACKET list_elements RBRACKET
    (52) map -> . LCURLY_BRACKET map_entries RCURLY_BRACKET
    (67) arithmetic_expr -> . logical_or_expression
    (62) null_value -> . NULL
    (42) ternary_expression -> . arithmetic_expr QUESTION expression COLON expression
    (43) null_coalesce_expression -> . expression NULLCOALESCE expression
    (68) logical_or_expression -> . logical_or_expression PARALLEL logical_and_expression
    (69) logical_or_expression -> . logical_and_expression
    (70) logical_and_expression -> . logical_and_expression LOGICAL_AND bitwise_or_expression
    (71) logical_and_expression -> . bitwise_or_expression
    (72) bitwise_or_expression -> . bitwise_or_expression BITWISE_OR bitwise_xor_expression
    (73) bitwise_or_expression -> . bitwise_xor_expression
    (74) bitwise_xor_expression -> . bitwise_xor_expression BITWISE_XOR bitwise_and_expression
    (75) bitwise_xor_expression -> . bitwise_and_expression
    (76) bitwise_and_expression -> . bitwise_and_expression BITWISE_AND arith_comparison_expression
    (77) bitwise_and_expression -> . arith_comparison_expression
    (78) arith_comparison_expression -> . arith_comparison_expression EQ shift_expression
    (79) arith_comparison_expression -> . arith_comparison_expression NE shift_expression
    (80) arith_comparison_expression -> . arith_comparison_expression LANGLE shift_expression
    (81) arith_comparison_expression -> . arith_comparison_expression RANGLE shift_expression
    (82) arith_comparison_expression -> . arith_comparison_expression LE shift_expression
    (83) arith_comparison_expression -> . arith_comparison_expression GE shift_expression
    (84) arith_comparison_expression -> . shift_expression
    (85) shift_expression -> . shift_expression LSHL additive_expression
    (86) shift_expression -> . shift_expression LSHR additive_expression
    (87) shift_expression -> . shift_expression ASHR additive_expression
    (88) shift_expression -> . additive_expression
    (89) additive_expression -> . additive_expression PLUS multiplicative_expression
    (90) additive_expression -> . additive_expression MINUS multiplicative_expression
    (91) additive_expression -> . multiplicative_expression
    (92) multiplicative_expression -> . multiplicative_expression DIV unary_expression
    (93) multiplicative_expression -> . multiplicative_expression MOD unary_expression
    (94) multiplicative_expression -> . multiplicative_expression RETRY unary_expression
    (95) multiplicative_expression -> . unary_expression
    (96) unary_expression -> . LOGICAL_NOT unary_expression
    (97) unary_expression -> . BITWISE_NOT unary_expression
    (98) unary_expression -> . MINUS unary_expression
    (99) unary_expression -> . primary_expression
    (100) primary_expression -> . LPAREN expression RPAREN
    (101) primary_expression -> . arithmetic_factor
    (102) arithmetic_factor -> . INT
    (103) arithmetic_factor -> . FLOAT
    (104) arithmetic_factor -> . BOOLEAN
    (105) arithmetic_factor -> . STRING_LITERAL
    (106) arithmetic_factor -> . variable_reference
    (63) variable_reference -> . VAR_ACCESS
    (64) variable_reference -> . VAR_ACCESS DOT IDENTIFIER
    (65) variable_reference -> . VAR_ACCESS LBRACKET expression RBRACKET

    LBRACKET        shift and go to state 48
    LCURLY_BRACKET  shift and go to state 49
    NULL            shift and go to state 51
    LOGICAL_NOT     shift and go to state 62
    BITWISE_NOT     shift and go to state 63
    MINUS           shift and go to state 60
    LPAREN          shift and go to state 65
    INT             shift and go to state 67
    FLOAT           shift and go to state 68
    BOOLEAN         shift and go to state 69
    STRING_LITERAL  shift and go to state 70
    VAR_ACCESS      shift and go to state 72

    arithmetic_expr                shift and go to state 44
    expression                     shift and go to state 176
    list                           shift and go to state 42
    map                            shift and go to state 43
    null_value                     shift and go to state 45
    ternary_expression             shift and go to state 46
    null_coalesce_expression       shift and go to state 47
    logical_or_expression          shift and go to state 50
    logical_and_expression         shift and go to state 52
    bitwise_or_expression          shift and go to state 53
    bitwise_xor_expression         shift and go to state 54
    bitwise_and_expression         shift and go to state 55
    arith_comparison_expression    shift and go to state 56
    shift_expression               shift and go to state 57
    additive_expression            shift and go to state 58
    multiplicative_expression      shift and go to state 59
    unary_expression               shift and go to state 61
    primary_expression             shift and go to state 64
    arithmetic_factor              shift and go to state 66
    variable_reference             shift and go to state 71

state 171

    (59) list_elements -> list_elements SEPARATOR expression .
    (43) null_coalesce_expression -> expression . NULLCOALESCE expression

    RBRACKET        reduce using rule 59 (list_elements -> list_elements SEPARATOR expression .)
    SEPARATOR       reduce using rule 59 (list_elements -> list_elements SEPARATOR expression .)
    NULLCOALESCE    shift and go to state 89


state 172

    (55) map_entries -> map_entries SEPARATOR map_entry .

    RCURLY_BRACKET  reduce using rule 55 (map_entries -> map_entries SEPARATOR map_entry .)
    SEPARATOR       reduce using rule 55 (map_entries -> map_entries SEPARATOR map_entry .)


state 173

    (56) map_entry -> STRING_LITERAL COLON expression .
    (43) null_coalesce_expression -> expression . NULLCOALESCE expression

    RCURLY_BRACKET  reduce using rule 56 (map_entry -> STRING_LITERAL COLON expression .)
    SEPARATOR       reduce using rule 56 (map_entry -> STRING_LITERAL COLON expression .)
    NULLCOALESCE    shift and go to state 89


state 174

    (65) variable_reference -> VAR_ACCESS LBRACKET expression RBRACKET .

    DIV             reduce using rule 65 (variable_reference -> VAR_ACCESS LBRACKET expression RBRACKET .)
    MOD             reduce using rule 65 (variable_reference -> VAR_ACCESS LBRACKET expression RBRACKET .)
    RETRY           reduce using rule 65 (variable_reference -> VAR_ACCESS LBRACKET expression RBRACKET .)
    PLUS            reduce using rule 65 (variable_reference -> VAR_ACCESS LBRACKET expression RBRACKET .)
    MINUS           reduce using rule 65 (variable_reference -> VAR_ACCESS LBRACKET expression RBRACKET .)
    LSHL            reduce using rule 65 (variable_reference -> VAR_ACCESS LBRACKET expression RBRACKET .)
    LSHR            reduce using rule 65 (variable_reference -> VAR_ACCESS LBRACKET expression RBRACKET .)
    ASHR            reduce using rule 65 (variable_reference -> VAR_ACCESS LBRACKET expression RBRACKET .)
    EQ              reduce using rule 65 (variable_reference -> VAR_ACCESS LBRACKET expression RBRACKET .)
    NE              reduce using rule 65 (variable_reference -> VAR_ACCESS LBRACKET expression RBRACKET .)
    LANGLE          reduce using rule 65 (variable_reference -> VAR_ACCESS LBRACKET expression RBRACKET .)
    RANGLE          reduce using rule 65 (variable_reference -> VAR_ACCESS LBRACKET expression RBRACKET .)
    LE              reduce using rule 65 (variable_reference -> VAR_ACCESS LBRACKET expression RBRACKET .)
    GE              reduce using rule 65 (variable_reference -> VAR_ACCESS LBRACKET expression RBRACKET .)
    BITWISE_AND     reduce using rule 65 (variable_reference -> VAR_ACCESS LBRACKET expression RBRACKET .)
    BITWISE_XOR     reduce using rule 65 (variable_reference -> VAR_ACCESS LBRACKET expression RBRACKET .)
    BITWISE_OR      reduce using rule 65 (variable_reference -> VAR_ACCESS LBRACKET expression RBRACKET .)
    LOGICAL_AND     reduce using rule 65 (variable_reference -> VAR_ACCESS LBRACKET expression RBRACKET .)
    PARALLEL        reduce using rule 65 (variable_reference -> VAR_ACCESS LBRACKET expression RBRACKET .)
    QUESTION        reduce using rule 65 (variable_reference -> VAR_ACCESS LBRACKET expression RBRACKET .)
    NULLCOALESCE    reduce using rule 65 (variable_reference -> VAR_ACCESS LBRACKET expression RBRACKET .)
    VAR_DECL        reduce using rule 65 (variable_reference -> VAR_ACCESS LBRACKET expression RBRACKET .)
    LPAREN          reduce using rule 65 (variable_reference -> VAR_ACCESS LBRACKET expression RBRACKET .)
    IDENTIFIER      reduce using rule 65 (variable_reference -> VAR_ACCESS LBRACKET expression RBRACKET .)
    LCURLY_BRACKET  reduce using rule 65 (variable_reference -> VAR_ACCESS LBRACKET expression RBRACKET .)
    MAP             reduce using rule 65 (variable_reference -> VAR_ACCESS LBRACKET expression RBRACKET .)
    FILTER          reduce using rule 65 (variable_reference -> VAR_ACCESS LBRACKET expression RBRACKET .)
    REDUCE          reduce using rule 65 (variable_reference -> VAR_ACCESS LBRACKET expression RBRACKET .)
    FOREACH         reduce using rule 65 (variable_reference -> VAR_ACCESS LBRACKET expression RBRACKET .)
    FLATMAP         reduce using rule 65 (variable_reference -> VAR_ACCESS LBRACKET expression RBRACKET .)
    FANOUT          reduce using rule 65 (variable_reference -> VAR_ACCESS LBRACKET expression RBRACKET .)
    $end            reduce using rule 65 (variable_reference -> VAR_ACCESS LBRACKET expression RBRACKET .)
    RBRACKET        reduce using rule 65 (variable_reference -> VAR_ACCESS LBRACKET expression RBRACKET .)
    SEPARATOR       reduce using rule 65 (variable_reference -> VAR_ACCESS LBRACKET expression RBRACKET .)
    RPAREN          reduce using rule 65 (variable_reference -> VAR_ACCESS LBRACKET expression RBRACKET .)
    COLON           reduce using rule 65 (variable_reference -> VAR_ACCESS LBRACKET expression RBRACKET .)
    RCURLY_BRACKET  reduce using rule 65 (variable_reference -> VAR_ACCESS LBRACKET expression RBRACKET .)


state 175

    (33) meta_task -> mode LANGLE IDENTIFIER DOUBLE_COLON IDENTIFIER RANGLE . attribute_list
    (27) attribute_list -> . LBRACKET attribute_list_items RBRACKET
    (28) attribute_list -> . empty
    (61) empty -> .

    LBRACKET        shift and go to state 37
    LPAREN          reduce using rule 61 (empty -> .)
    POINTER         reduce using rule 61 (empty -> .)
    PPOINTER        reduce using rule 61 (empty -> .)
    PARALLEL        reduce using rule 61 (empty -> .)
    VAR_DECL        reduce using rule 61 (empty -> .)
    IDENTIFIER      reduce using rule 61 (empty -> .)
    LCURLY_BRACKET  reduce using rule 61 (empty -> .)
    MAP             reduce using rule 61 (empty -> .)
    FILTER          reduce using rule 61 (empty -> .)
    REDUCE          reduce using rule 61 (empty -> .)
    FOREACH         reduce using rule 61 (empty -> .)
    FLATMAP         reduce using rule 61 (empty -> .)
    FANOUT          reduce using rule 61 (empty -> .)
    $end            reduce using rule 61 (empty -> .)
    RPAREN          reduce using rule 61 (empty -> .)
    RCURLY_BRACKET  reduce using rule 61 (empty -> .)
    SEPARATOR       reduce using rule 61 (empty -> .)

    attribute_list                 shift and go to state 177
    empty                          shift and go to state 38

state 176

    (42) ternary_expression -> arithmetic_expr QUESTION expression COLON expression .
    (43) null_coalesce_expression -> expression . NULLCOALESCE expression

    VAR_DECL        reduce using rule 42 (ternary_expression -> arithmetic_expr QUESTION expression COLON expression .)
    LPAREN          reduce using rule 42 (ternary_expression -> arithmetic_expr QUESTION expression COLON expression .)
    IDENTIFIER      reduce using rule 42 (ternary_expression -> arithmetic_expr QUESTION expression COLON expression .)
    LCURLY_BRACKET  reduce using rule 42 (ternary_expression -> arithmetic_expr QUESTION expression COLON expression .)
    MAP             reduce using rule 42 (ternary_expression -> arithmetic_expr QUESTION expression COLON expression .)
    FILTER          reduce using rule 42 (ternary_expression -> arithmetic_expr QUESTION expression COLON expression .)
    REDUCE          reduce using rule 42 (ternary_expression -> arithmetic_expr QUESTION expression COLON expression .)
    FOREACH         reduce using rule 42 (ternary_expression -> arithmetic_expr QUESTION expression COLON expression .)
    FLATMAP         reduce using rule 42 (ternary_expression -> arithmetic_expr QUESTION expression COLON expression .)
    FANOUT          reduce using rule 42 (ternary_expression -> arithmetic_expr QUESTION expression COLON expression .)
    $end            reduce using rule 42 (ternary_expression -> arithmetic_expr QUESTION expression COLON expression .)
    RBRACKET        reduce using rule 42 (ternary_expression -> arithmetic_expr QUESTION expression COLON expression .)
    SEPARATOR       reduce using rule 42 (ternary_expression -> arithmetic_expr QUESTION expression COLON expression .)
    RPAREN          reduce using rule 42 (ternary_expression -> arithmetic_expr QUESTION expression COLON expression .)
    COLON           reduce using rule 42 (ternary_expression -> arithmetic_expr QUESTION expression COLON expression .)
    RCURLY_BRACKET  reduce using rule 42 (ternary_expression -> arithmetic_expr QUESTION expression COLON expression .)
    NULLCOALESCE    shift and go to state 89

  ! NULLCOALESCE    [ reduce using rule 42 (ternary_expression -> arithmetic_expr QUESTION expression COLON expression .) ]


state 177

    (33) meta_task -> mode LANGLE IDENTIFIER DOUBLE_COLON IDENTIFIER RANGLE attribute_list .

    LPAREN          reduce using rule 33 (meta_task -> mode LANGLE IDENTIFIER DOUBLE_COLON IDENTIFIER RANGLE attribute_list .)
    POINTER         reduce using rule 33 (meta_task -> mode LANGLE IDENTIFIER DOUBLE_COLON IDENTIFIER RANGLE attribute_list .)
    PPOINTER        reduce using rule 33 (meta_task -> mode LANGLE IDENTIFIER DOUBLE_COLON IDENTIFIER RANGLE attribute_list .)
    PARALLEL        reduce using rule 33 (meta_task -> mode LANGLE IDENTIFIER DOUBLE_COLON IDENTIFIER RANGLE attribute_list .)
    VAR_DECL        reduce using rule 33 (meta_task -> mode LANGLE IDENTIFIER DOUBLE_COLON IDENTIFIER RANGLE attribute_list .)
    IDENTIFIER      reduce using rule 33 (meta_task -> mode LANGLE IDENTIFIER DOUBLE_COLON IDENTIFIER RANGLE attribute_list .)
    LCURLY_BRACKET  reduce using rule 33 (meta_task -> mode LANGLE IDENTIFIER DOUBLE_COLON IDENTIFIER RANGLE attribute_list .)
    MAP             reduce using rule 33 (meta_task -> mode LANGLE IDENTIFIER DOUBLE_COLON IDENTIFIER RANGLE attribute_list .)
    FILTER          reduce using rule 33 (meta_task -> mode LANGLE IDENTIFIER DOUBLE_COLON IDENTIFIER RANGLE attribute_list .)
    REDUCE          reduce using rule 33 (meta_task -> mode LANGLE IDENTIFIER DOUBLE_COLON IDENTIFIER RANGLE attribute_list .)
    FOREACH         reduce using rule 33 (meta_task -> mode LANGLE IDENTIFIER DOUBLE_COLON IDENTIFIER RANGLE attribute_list .)
    FLATMAP         reduce using rule 33 (meta_task -> mode LANGLE IDENTIFIER DOUBLE_COLON IDENTIFIER RANGLE attribute_list .)
    FANOUT          reduce using rule 33 (meta_task -> mode LANGLE IDENTIFIER DOUBLE_COLON IDENTIFIER RANGLE attribute_list .)
    $end            reduce using rule 33 (meta_task -> mode LANGLE IDENTIFIER DOUBLE_COLON IDENTIFIER RANGLE attribute_list .)
    RPAREN          reduce using rule 33 (meta_task -> mode LANGLE IDENTIFIER DOUBLE_COLON IDENTIFIER RANGLE attribute_list .)
    RCURLY_BRACKET  reduce using rule 33 (meta_task -> mode LANGLE IDENTIFIER DOUBLE_COLON IDENTIFIER RANGLE attribute_list .)
    SEPARATOR       reduce using rule 33 (meta_task -> mode LANGLE IDENTIFIER DOUBLE_COLON IDENTIFIER RANGLE attribute_list .)

WARNING: 
WARNING: Conflicts:
WARNING: 
WARNING: shift/reduce conflict for VAR_DECL in state 0 resolved as shift
WARNING: shift/reduce conflict for LPAREN in state 0 resolved as shift
WARNING: shift/reduce conflict for IDENTIFIER in state 0 resolved as shift
WARNING: shift/reduce conflict for LCURLY_BRACKET in state 0 resolved as shift
WARNING: shift/reduce conflict for MAP in state 0 resolved as shift
WARNING: shift/reduce conflict for FILTER in state 0 resolved as shift
WARNING: shift/reduce conflict for REDUCE in state 0 resolved as shift
WARNING: shift/reduce conflict for FOREACH in state 0 resolved as shift
WARNING: shift/reduce conflict for FLATMAP in state 0 resolved as shift
WARNING: shift/reduce conflict for FANOUT in state 0 resolved as shift
WARNING: shift/reduce conflict for LPAREN in state 11 resolved as shift
WARNING: reduce/reduce conflict in state 88 resolved using rule (grouped -> LCURLY_BRACKET chain RCURLY_BRACKET)
WARNING: rejected rule (empty -> <empty>) in state 88
